<?xml version="1.0" encoding="UTF-8" standalone="yes"?>
<addon id="script.module.exodusredux" name="Exodus Redux Module" version="1.0.9" provider-name="I-A-C">
	<requires>
		<import addon="xbmc.python" version="2.1.0" />
		<import addon="script.module.beautifulsoup4"/>
	</requires>
	<extension point="xbmc.python.module" library="lib" />
	<extension point="xbmc.python.script" library="addon.py"/
	<extension point="xbmc.addon.metadata">
		<platform>all</platform>
		<summary lang="en">Exodus Redux</summary>
	</extension>
</addon>
