<?xml version="1.0" encoding="UTF-8"?>
<includes>
    <include name="ShelfFade">
        <animation effect="fade" end="100" delay="200" time="220">Visible</animation>
        <animation effect="fade" end="0" time="100">Hidden</animation>
    </include>
    <include name="ShelfTitle">
        <visible>Container(9000).Row(0)</visible>
        <animation condition="ControlGroup(700).HasFocus | Control.HasFocus(9009)" effect="zoom" start="100" end="110" time="120" center="325,200" tween="Back" easing="Out">Conditional</animation>
        <animation condition="!ControlGroup(700).HasFocus + !Control.HasFocus(9009)" effect="zoom" start="110" end="100" time="120" center="325,200">Conditional</animation>
        <left>80</left>
        <top>40</top>
        <height>45</height>
        <width>750</width>
        <align>left</align>
        <aligny>center</aligny>
        <font>size30</font>
        <textcolor>white</textcolor>
        <shadowcolor>-</shadowcolor>
    </include>
    <include name="MoviesShortcutsCommons">
        <include>ShelfFade</include>
        <top>30</top>
        <width>1920</width>
        <height>610</height>
        <orientation>horizontal</orientation>
        <scrolltime>400</scrolltime>
        <itemlayout height="490" width="320">
            <control type="image">
                <visible>String.IsEmpty(ListItem.Art(tvshow.poster))</visible>
                <left>25</left>
                <top>16</top>
                <width>270</width>
                <height>380</height>
                <texture fallback="DefaultVideoCover.png" background="true">$INFO[ListItem.Thumb]</texture>
                <aspectratio>scale</aspectratio>
            </control>
            <control type="image">
                <visible>!String.IsEmpty(ListItem.Art(tvshow.poster))</visible>
                <left>25</left>
                <top>16</top>
                <width>270</width>
                <height>400</height>
                <texture fallback="DefaultVideoCover.png" background="true">$INFO[ListItem.Thumb]</texture>
                <aspectratio>scale</aspectratio>
            </control>
        </itemlayout>
        <focusedlayout height="500" width="360">
            <control type="group">
                <animation effect="zoom" start="100" end="110" time="120" center="270,300" tween="Back" easing="Out">Focus</animation>
        <animation effect="zoom" start="110" end="100" time="120" center="270,300">unFocus</animation>
                <control type="image">
                    <animation effect="fade" start="0" end="100" time="150">Focus</animation>
                    <animation effect="fade" start="100" end="0" time="150">unFocus</animation>
                    <left>25</left>
                    <top>46</top>
                    <width>290</width>
                    <height>380</height>
                    <texture>shadow.png</texture>
                </control>
                <control type="image">
                    <left>25</left>
                    <top>16</top>
                    <width>280</width>
                    <height>380</height>
                    <texture fallback="DefaultVideoCover.png" background="true">$INFO[ListItem.Thumb]</texture>
                    <aspectratio>scale</aspectratio>
                </control>
            </control>
            <control type="group" description="labels">
                <animation effect="fade" start="0" end="100" time="200" delay="100">Focus</animation>
                <animation effect="fade" start="100" end="0" time="200">unFocus</animation>
                <control type="textbox">
                    <visible>ControlGroup(700).HasFocus()</visible>
                    <align>center</align>
                    <top>405</top>
                    <width>287</width>
                    <height>60</height>
                    <font>size12</font>
                    <textcolor>white</textcolor>
                    <autoscroll>true</autoscroll>
                    <label>[B]$INFO[ListItem.Label][/B]</label>
                    <scroll>true</scroll>
                    <align>center</align>
                </control>
            </control>
        </focusedlayout>
    </include>
    <include name="submenu-position">
						<left>210</left>
						<top>410</top>
						<width>1500</width>
						<height>87</height>
						<onup>9000</onup>
						<ondown>9000</ondown>
						<animation condition="![Control.HasFocus(9010)]" effect="slide" start="0,50" end="0,0" time="220">Conditonal</animation>
						<pagecontrol>-</pagecontrol>
						<scrolltime tween="quadratic" easing="out">300</scrolltime>
						<focusposition>1</focusposition>
						<movement>1</movement>
						<orientation>Horizontal</orientation>
						<itemlayout height="87" width="300">
							<control type="label">
								<width>300</width>
								<height>41</height>
								<font>font13_title</font>
								<textcolor>white</textcolor>
								<shadowcolor>shadow</shadowcolor>
								<align>center</align>
								<aligny>center</aligny>
								<label>$INFO[ListItem.Label]</label>
							</control>
						</itemlayout>
						<focusedlayout height="87" width="300">
							<control type="group">
								<visible>Control.HasFocus(9010)</visible>
								<control type="image">
									<width>300</width>
									<height>41</height>
									<texture colordiffuse="$VAR[HighlightBarColor]">listselect_fo.png</texture>
								</control>
								<control type="label">
									<width>300</width>
									<height>41</height>
									<font>font13_title</font>
									<textcolor>white</textcolor>
									<shadowcolor>shadow</shadowcolor>
									<align>center</align>
									<aligny>center</aligny>
									<label>$INFO[ListItem.Label]</label>
								</control>
							</control>
							<control type="group">
								<visible>!Control.HasFocus(9010)</visible>
								<control type="label">
									<width>300</width>
									<height>41</height>
									<font>font13_title</font>
									<textcolor>white</textcolor>
									<shadowcolor>shadow</shadowcolor>
									<align>center</align>
									<aligny>center</aligny>
									<label>$INFO[ListItem.Label]</label>
								</control>
							</control>
						</focusedlayout>
    </include>
       
	<include name="ViewAnimation">
		<animation effect="slide" tween="cubic" time="720" start="0,1080" end="0,0">VisibleChange</animation>
	</include>
    
    <include name="FAV01">
         <control type="group">
            <visible>[Container(9000).HasFocus(601)]</visible>
             <control type="image">
                <posx>0</posx>
                <top>45</top>
                <width>auto</width>
                <height>410</height>
                <texture background="true">images/movies_banner.jpg</texture>
            </control>           
        </control>
    </include>
	
<include name="Flixview">
  <control type="group">
			<visible>Control.IsVisible(509) + !Window.IsActive(skinsettings)</visible>
			<control type="image">
				<include>FullscreenDimensions</include>
				<texture>black.png</texture>
			</control>
			<control type="multiimage">
				<description>MyFlix Background Image</description>
				<left>412</left>
				<width>1520</width>
				<height>855</height>
				<imagepath fallback="$INFO[Skin.String(CustomDefaultBackground)]" background="true" diffuse="views/myflix/fanart_diffuse.png">$VAR[GlobalBackgroundVar]</imagepath>
				<include condition="StringCompare(Skin.String(FanartTimePerImage),5)">FanartTimePerImage5</include>
				<include condition="StringCompare(Skin.String(FanartTimePerImage),6)">FanartTimePerImage6</include>
				<include condition="IsEmpty(Skin.String(FanartTimePerImage))">FanartTimePerImage7</include>
				<include condition="StringCompare(Skin.String(FanartTimePerImage),8)">FanartTimePerImage8</include>
				<include condition="StringCompare(Skin.String(FanartTimePerImage),9)">FanartTimePerImage9</include>
				<include condition="StringCompare(Skin.String(FanartTimePerImage),10)">FanartTimePerImage10</include>
				<include condition="StringCompare(Skin.String(FanartTimePerImage),15)">FanartTimePerImage15</include>
				<include condition="StringCompare(Skin.String(FanartTimePerImage),20)">FanartTimePerImage20</include>
				<include condition="StringCompare(Skin.String(FanartTimePerImage),30)">FanartTimePerImage30</include>
				<include condition="StringCompare(Skin.String(FanartTimePerImage),60)">FanartTimePerImage60</include>
				<include condition="StringCompare(Skin.String(FanartTimePerImage),90)">FanartTimePerImage90</include>
			</control>
		</control>
	</include>


    <include name="FAV02">
         <control type="group">
            <visible>[Container(9000).HasFocus(602)]</visible>
             <control type="image">
                <posx>0</posx>
                <top>45</top>
                <width>auto</width>
                <height>410</height>
                <texture background="true">images/Series_banner.jpg</texture>
            </control>           
        </control>
    </include>
    

    <include name="FAV03">
         <control type="group">
            <visible>[Container(9000).HasFocus(605)]</visible>
             <control type="image">
                <posx>0</posx>
                <top>45</top>
                <width>auto</width>
                <height>410</height>
                <texture background="true">images/Sport_banner.jpg</texture>
            </control>           
        </control>
    </include>

    <include name="FAV04">
         <control type="group">
            <visible>[Container(9000).HasFocus(607)]</visible>
             <control type="image">
                <posx>0</posx>
                <top>45</top>
                <width>auto</width>
                <height>410</height>
                <texture background="true">images/KidsZone_banner.jpg</texture>
            </control>           
        </control>
    </include>

    <include name="FAV05">
         <control type="group">
            <visible>[Container(9000).HasFocus(603)]</visible>
             <control type="image">
                <posx>0</posx>
                <top>45</top>
                <width>auto</width>
                <height>410</height>
                <texture background="true">images/LiveTV_banner.jpg</texture>
            </control>           
        </control>
    </include>
	
	<include name="PVR">
         <control type="group">
            <visible>[Container(9000).HasFocus(355)]</visible>
             <control type="image">
                <posx>0</posx>
                <top>45</top>
                <width>auto</width>
                <height>410</height>
                <texture background="true">images/LiveTV_banner.jpg</texture>
            </control>           
        </control>
    </include>

    <include name="FAV06">
         <control type="group">
            <visible>[Container(9000).HasFocus(604)]</visible>
             <control type="image">
                <posx>0</posx>
                <top>45</top>
                <width>auto</width>
                <height>410</height>
                <texture background="true">images/Muziek_banner.jpg</texture>
            </control>           
        </control>
    </include>

    <include name="FAV07">
         <control type="group">
            <visible>[Container(9000).HasFocus(352)]</visible>
             <control type="image">
                <posx>0</posx>
                <top>45</top>
                <width>auto</width>
                <height>410</height>
                <texture background="true">images/xxx_banner.jpg</texture>
            </control>           
        </control>
    </include>

    <include name="FAV08">
         <control type="group">
            <visible>[Container(9000).HasFocus(606)]</visible>
             <control type="image">
                <posx>0</posx>
                <top>45</top>
                <width>auto</width>
                <height>410</height>
                <texture background="true">images/Uitzendinggemist_banner.jpg</texture>
            </control>           
        </control>
    </include>

    <include name="FAV10">
         <control type="group">
            <visible>[Container(9000).HasFocus(610)]</visible>
             <control type="image">
                <posx>0</posx>
                <top>45</top>
                <width>auto</width>
                <height>410</height>
                <texture background="true">images/docu_banner.jpg</texture>
            </control>           
        </control>
    </include>

	<include name="FAV11">
         <control type="group">
            <visible>[Container(9000).HasFocus(611)]</visible>
             <control type="image">
                <posx>0</posx>
                <top>45</top>
                <width>auto</width>
                <height>410</height>
                <texture background="true">images/voorhaar_banner.jpg</texture>
            </control>           
        </control>
    </include>


    <include name="SETBACK">
         <control type="group">
            <visible>[Container(9000).HasFocus(348)]</visible>
             <control type="image">
                <posx>0</posx>
                <top>45</top>
                <width>auto</width>
                <height>410</height>
                <texture background="true">images/instellingen_banner.jpg</texture>
            </control>           
        </control>
    </include>

	<include name="MEDLOC">
         <control type="group">
            <visible>[Container(9000).HasFocus(347)]</visible>
             <control type="image">
                <posx>0</posx>
                <top>45</top>
                <width>auto</width>
                <height>410</height>
                <texture background="true">images/media_banner.jpg</texture>
            </control>           
        </control>
    </include>

  
	
	<include name="EXITBACK">
         <control type="group">
            <visible>[Container(9000).HasFocus(349)]</visible>
             <control type="image">
                <posx>0</posx>
                <top>45</top>
                <width>auto</width>
                <height>410</height>
                <texture background="true">images/Uit_banner.jpg</texture>
            </control>           
        </control>
    </include>

	<include name="DOORGAAN">
         <control type="group">
            <visible>[Container(9000).HasFocus(350) | Player.HasMedia]</visible>
             <control type="image">
                <posx>0</posx>
                <top>45</top>
                <width>auto</width>
                <height>410</height>
                <texture background="true">images/terug_banner.jpg</texture>
            </control>           
        </control>
    </include>


   <include name="weather_shelf">
         <control type="group">
            <visible>[Container(9000).HasFocus(345)]</visible>
             <control type="image">
                <posx>0</posx>
                <top>45</top>
                <width>auto</width> 
                <height>410</height>
                <texture background="true">images/weer_banner.jpg</texture>
            </control>           
        </control>
    </include>
	
	
	<include name="favourites">
         <control type="group">
            <visible>[Container(9000).HasFocus(608)]</visible>
             <control type="image">
                <posx>0</posx>
                <top>45</top>
                <width>auto</width> 
                <height>410</height>
                <texture background="true">images/favs_banner.jpg</texture>
            </control>           
        </control>
    </include>


	<include name="submenu-graphics">
					<control type="button">
						<left>65</left>
						<top>415</top>
						<width>30</width>
						<height>30</height>
						<animation condition="![Control.HasFocus(9010)]" effect="slide" start="0,50" end="0,0" time="220">Conditonal</animation>
						<texturefocus flipx="true" colordiffuse="white">arrowright.png</texturefocus>
						<texturenofocus flipx="true">arrowright.png</texturenofocus>
						<visible allowhiddenfocus="true">Control.HasFocus(9010)</visible>
						<visible>Container(9010).HasPrevious</visible>
						<onclick>Control.Move(9010,-1)</onclick>
					</control>
					<control type="button">
						<left>1820</left>
						<top>415</top>
						<width>30</width>
						<height>30</height>
						<animation condition="![Control.HasFocus(9010)]" effect="slide" start="0,50" end="0,0" time="220">Conditonal</animation>
						<texturefocus colordiffuse="white">arrowright.png</texturefocus>
						<texturenofocus>arrowright.png</texturenofocus>
						<visible allowhiddenfocus="true">Control.HasFocus(9010)</visible>
						<visible>Container(9010).HasNext</visible>
						<onclick>Control.Move(9010,1)</onclick>
					</control>
				<control type="image">
					<top>415</top>
					<width>FullScreenWidth</width>
					<height>225</height>
					<animation condition="![Control.HasFocus(9010)]" effect="slide" start="0,50" end="0,0" time="220">Conditonal</animation>
					<texture colordiffuse="$VAR[ThemeHomeMenuBarColor]">homemenu_back_white.png</texture>
					<visible>Skin.HasSetting(Enable.ColoredMenuBar)</visible>
					</control>
					</include>
					

    


</includes>
