<?xml version='1.0' encoding='UTF-8'?>
<shortcuts>
	<shortcut>
		<defaultID />
		<label>Populair</label>
		<label2>Custom item</label2>
		<icon>DefaultShortcut.png</icon>
		<thumb />
		<action>ActivateWindow(Videos,"plugin://plugin.video.exodus/?action=tvshows&amp;url=popular",return)</action>
	</shortcut>
	<shortcut>
		<defaultID />
		<label>Nieuwe series</label>
		<label2>Custom item</label2>
		<icon>DefaultShortcut.png</icon>
		<thumb />
		<action>ActivateWindow(Videos,"plugin://plugin.video.exodus/?action=tvshows&amp;url=premiere",return)</action>
	</shortcut>
	<shortcut>
		<defaultID />
		<label>Meest bekeken</label>
		<label2>Custom item</label2>
		<icon>DefaultShortcut.png</icon>
		<thumb />
		<action>ActivateWindow(Videos,"plugin://plugin.video.exodus/?action=tvshows&amp;url=trending",return)</action>
	</shortcut>
	<shortcut>
		<defaultID />
		<label>Genres</label>
		<label2>Custom item</label2>
		<icon>DefaultShortcut.png</icon>
		<thumb />
		<action>ActivateWindow(Videos,"plugin://plugin.video.exodus/?action=tvshows&amp;url=http%3A%2F%2Fwww.imdb.com%2Fsearch%2Ftitle%3Ftitle_type%3Dtv_series%2Cmini_series%26release_date%3D%2Cdate%5B0%5D%26genres%3Daction%26sort%3Dmoviemeter%2Casc%26count%3D40%26start%3D1",return)</action>
	</shortcut>
</shortcuts>
