<?xml version='1.0' encoding='UTF-8'?>
<shortcuts>
	<shortcut>
		<defaultID />
		<label>Baby</label>
		<label2>Custom item</label2>
		<icon>DefaultShortcut.png</icon>
		<thumb />
		<action>ActivateWindow(Videos,"plugin://plugin.video.kindertube/?url=http%3A%2F%2Fwww.kindertube.nl%2Fbabyfilmpjes.html&amp;mode=ListEpisodes&amp;site=",return)</action>
	</shortcut>
	<shortcut>
		<defaultID />
		<label>Peuter</label>
		<label2>Custom item</label2>
		<icon>DefaultShortcut.png</icon>
		<thumb />
		<action>ActivateWindow(Videos,"plugin://plugin.video.kindertube/?url=http%3A%2F%2Fwww.kindertube.nl%2Fpeuterfilmpjes.html&amp;mode=ListEpisodes&amp;site=",return)</action>
	</shortcut>
	<shortcut>
		<defaultID />
		<label>Kleuter</label>
		<label2>Custom item</label2>
		<icon>DefaultShortcut.png</icon>
		<thumb />
		<action>ActivateWindow(Videos,"plugin://plugin.video.kindertube/?url=http%3A%2F%2Fwww.kindertube.nl%2Fkleuterfilmpjes.html&amp;mode=ListEpisodes&amp;site=",return)</action>
	</shortcut>
	<shortcut>
		<defaultID />
		<label>Schoolgaand</label>
		<label2>Custom item</label2>
		<icon>DefaultShortcut.png</icon>
		<thumb />
		<action>ActivateWindow(Videos,"plugin://plugin.video.kindertube/?url=http%3A%2F%2Fwww.kindertube.nl%2Fschoolgaand.html&amp;mode=ListEpisodes&amp;site=",return)</action>
	</shortcut>
	<shortcut>
		<defaultID />
		<label>Vroeger</label>
		<label2>Custom item</label2>
		<icon>DefaultShortcut.png</icon>
		<thumb />
		<action>ActivateWindow(Videos,"plugin://plugin.video.kindertube/?url=http%3A%2F%2Fwww.kindertube.nl%2Ftekenfilms-van-vroeger.html&amp;mode=ListEpisodes&amp;site=",return)</action>
	</shortcut>
	<shortcut>
		<defaultID />
		<label>Muziek</label>
		<label2>Custom item</label2>
		<icon>DefaultShortcut.png</icon>
		<thumb />
		<action>ActivateWindow(Videos,"plugin://plugin.video.kindertube/?url=http%3A%2F%2Fwww.kindertube.nl%2Fmuziek-voor-kinderen.html&amp;mode=ListEpisodes&amp;site=",return)</action>
	</shortcut>
	<shortcut>
		<defaultID />
		<label>Sprookjes &amp; verhaaltjes</label>
		<label2>Custom item</label2>
		<icon>DefaultShortcut.png</icon>
		<thumb />
		<action>ActivateWindow(Videos,"plugin://plugin.video.kindertube/?url=http%3A%2F%2Fwww.kindertube.nl%2Fvoorlezen-en-digitale-prentenboeken.html&amp;mode=ListEpisodes&amp;site=",return)</action>
	</shortcut>
	<shortcut>
		<defaultID />
		<label>Eduatief</label>
		<label2>Custom item</label2>
		<icon>DefaultShortcut.png</icon>
		<thumb />
		<action>ActivateWindow(Videos,"plugin://plugin.video.kindertube/?url=http%3A%2F%2Fwww.kindertube.nl%2Feducatieve-filmpjes-voor-kinderen.html&amp;mode=ListEpisodes&amp;site=",return)</action>
	</shortcut>
	<shortcut>
		<defaultID />
		<label>Populair</label>
		<label2>Custom item</label2>
		<icon>DefaultShortcut.png</icon>
		<thumb />
		<action>ActivateWindow(Videos,"plugin://plugin.video.kindertube/?url=http%3A%2F%2Fwww.kindertube.nl%2F&amp;mode=ListNoCat&amp;site=",return)</action>
	</shortcut>
</shortcuts>
