<?xml version="1.0" encoding="UTF-8"?>
<!-- Foundation -->
<window id="20">
    <defaultcontrol always="true">50</defaultcontrol>
    <menucontrol>9000</menucontrol>
    <controls>
	
        <include>GlobalBackground</include>
        <include>Furniture_Header</include>
        <include>Furniture_Clock</include>
        <include>Furniture_NowPlaying</include>
        <include>Furniture_Weather</include>

        <include>View_50_List_Square</include>
		<Control Type="FieldControl" FieldName="System.IterationPath" LabelPosition="Left">  
      <LabelText>  
      <Text>  
         <Link UrlRoot="@WssSiteUrl/render.aspx?wit=bug&topic=Iteration">  
         </Link>  
      Iteration Path  
      </Text>  
      <Text> (must be 3 levels deep)</Text>  
      </LabelText>  
</Control>  

        <control type="group">
            <visible>ControlGroup(9000).HasFocus()</visible>
            <include>GlobalOverlay</include>
        </control>
        <control type="group">
            <include>Def9000Background</include>
            <include>Def9000Arrows</include>
            <control type="grouplist" id="9000">
                <include>Def9000GroupList</include>

                <control type="button" id="2">
                    <description>View</description>
                    <include>DefContextButton</include>
                    <align>left</align>
                </control>

                <control type="button" id="3">
                    <description>Sort</description>
                    <include>DefContextButton</include>
                    <align>left</align>
                </control>

                <control type="togglebutton" id="4">
                    <description>Ascending/Descending</description>
                    <include>DefContextButton</include>
                    <label>584</label>
                    <align>left</align>
                    <altlabel>585</altlabel>
                </control>

                <control type="button" id="9">
                    <description>Check for updates</description>
                    <label>24034</label>
                    <align>left</align>
                    <include>DefContextButton</include>
                </control>

                <control type="radiobutton" id="5">
                    <description>Enable auto-updates</description>
                    <label>24063</label>
                    <align>left</align>
                    <include>DefContextButton</include>
                </control>

                <control type="radiobutton" id="6">
                    <description>No notifications</description>
                    <label>25000</label>
                    <align>left</align>
                    <include>DefContextButton</include>
                </control>

                <control type="button" id="98">
                    <description>Open Player Controls</description>
                    <include>DefContextButton</include>
                    <align>left</align>
                    <label>31015</label>
                    <onclick>ActivateWindow(playercontrols)</onclick>
                    <visible>Player.HasMedia</visible>
                </control>
            </control>
        </control>

    </controls>

</window>
