<?xml version="1.0" encoding="UTF-8"?>
<window id="3033">
    <defaultcontrol always="true">1000</defaultcontrol>
    <allowoverlay>no</allowoverlay>
    <animation type="WindowOpen" reversible="false">
        <effect type="fade" start="0" end="100" time="200"/>
        <effect type="slide" start="0,-1080" end="0" time="200" center="auto"/>
    </animation>
    <animation type="WindowClose" reversible="false">
	<effect type="fade" start="100" end="0" time="200"/>
	<effect type="slide" start="0,0" end="0,-1080" time="200" center="auto"/>
    </animation>
	<controls>
	<control type="image">
                <left>0</left>
                <top>0</top>
                <width>100%</width>
                <height>100%</height>
                <texture colordiffuse="B3000000">common/white.png</texture>
        </control>
        <control type="group">
            <left>110</left>
            <!-- Main Menu (left) -->
            <control type="image">
                <left>0</left>
                <top>190</top>
                <width>440</width>
                <height>592</height>
                <texture colordiffuse="ffcccccc">common/white.png</texture>
            </control>
	    <control type="image">
                <left>0</left>
                <top>190</top>
                <width>443</width>
                <height>90</height>
                <texture colordiffuse="1f333333">common/white.png</texture>
            </control>
            <control type="list" id="1000">
                <left>0</left>
                <top>280</top>
                <width>440</width>
                <height>500</height>
                <onleft>1500</onleft>
                <pagecontrol>-</pagecontrol>
                <scrolltime>300</scrolltime>
                <itemlayout height="75" width="396">
 
                    <control type="label">
                        <left>85</left>
			<align>center</align>
                        <top>10</top>
                        <width>240</width>
                        <height>55</height>
                        <font>Home</font>
                        <textcolor>FF000000</textcolor>
                        <label>$INFO[ListItem.Label]</label>
                    </control>
                </itemlayout>
                <focusedlayout height="75" width="396">
                    <control type="image">
			<top>8</top>
                        <left>0</left>
                        <height>65</height>
                        <width>440</width>
                        <texture colordiffuse="$VAR[ColorHighlight]">common/white.png</texture>
                    </control>
                    <control type="label">
                        <left>85</left>
			<align>center</align>
                        <top>12</top>
                        <width>240</width>
                        <height>55</height>
                        <font>Home</font>
                        <textcolor>white</textcolor>
                        <label>$INFO[ListItem.Label]</label>
                    </control>
                </focusedlayout>
            </control>
            <control type="image">
                <left>420</left>
                <top>190</top>
                <width>1300</width>
                <height>592</height>
                <texture colordiffuse="ff333333">common/white.png</texture>
            </control>
           <control type="image">
                <description>Dialog Footer image</description>
                <left>418</left>
                <top>665</top>
                <width>1297</width>
                <height>3</height>
                <texture colordiffuse="1fcccccc">common/white.png</texture>
            </control>

            <control type="image">
                <description>LOGO</description>
                <left>40</left>
                <top>200</top>
                <width>300</width>
                <height>70</height>
                <aspectratio>keep</aspectratio>
                <texture border="1">/usr/share/kodi/addons/service.libreelec.settings/resources/skins/Default/media/default/Logo.png</texture>
            </control>
            <control type="group">
                <left>420</left>
                <top>185</top>
                <width>1256</width>
                <height>450</height>
                <!-- Other Content -->
                <control type="group" id="1900">
                    <left>0</left>
                    <top>0</top>
                    <width>1256</width>
                    <height>3</height>
                    <visible>StringCompare(Container(1000).ListItem.Property(listTyp), 1900)</visible>
                    <control type="image">
                        <left>1150</left>
                        <top>20</top>
                        <width>100</width>
                        <height>100</height>
                        <texture border="1">/usr/share/kodi/addons/service.libreelec.settings/resources/skins/Default/media/default/logo_big.png</texture>
                    </control>
                    <control type="label">
                        <left>60</left>
                        <top>27</top>
                        <width>300</width>
                        <height>90</height>
                        <textcolor>white</textcolor>
                        <align>left</align>
                        <aligny>center</aligny>
			<font>Tiny</font>
                        <label>$ADDON[service.libreelec.settings 606][CR]$ADDON[service.libreelec.settings 607][CR]$ADDON[service.libreelec.settings 608]</label>
                    </control>
                    <control type="label">
                        <left>300</left>
                        <top>30</top>
                        <width>500</width>
                        <height>90</height>
                        <textcolor>B3cccccc</textcolor>
                        <align>left</align>
                        <aligny>center</aligny>
			<font>Tiny</font>
                        <label>$INFO[Window.Property(Distri)] ($INFO[Window.Property(build)])[CR]$INFO[Window.Property(Version)][CR]$INFO[Window.Property(Arch)]</label>
                    </control>
		    <control type="image">
			<description>separator</description>
			<left>0</left>
			<top>130</top>
			<width>1297</width>
			<height>3</height>
			<texture colordiffuse="1fcccccc">common/white.png</texture>
		     </control>
                    <control type="textbox">
                        <left>200</left>
			<align>center</align>
                        <top>140</top>
                        <width>900</width>
                        <height>325</height>
                        <font>Tiny</font>
                        <textcolor>B3cccccc</textcolor>
                        <label>$ADDON[service.libreelec.settings 609][CR][CR]$ADDON[service.libreelec.settings 610])</label>
                    </control>
                    <control type="textbox">
                        <left>60</left>
                        <top>670</top>
                        <width>1150</width>
                        <height>90</height>
                        <font>Tiny</font>
                        <textcolor>white</textcolor>
                        <align>left</align>
                    </control>
                </control>
                <!-- simple list content -->
                <control type="fixedlist" id="1100">
		    <focusposition>2</focusposition>
		    <movement>4</movement>
                    <left>22</left>
                    <top>22</top>
                    <width>1256</width>
                    <height>450</height>
                    <onleft>1000</onleft>
                    <onright>1500</onright>
		    <onback>1000</onback>
                    <scrolltime>300</scrolltime>
                    <pagecontrol>1097</pagecontrol>
                    <visible>StringCompare(Container(1000).ListItem.Property(listTyp), 1100)</visible>
                    <itemlayout height="63">
                        <!-- entry name and text value -->
                        <control type="group">
                            <visible>!StringCompare(ListItem.Property(Typ), separator)</visible>
                            <control type="label">
                                <aligny>center</aligny>
                                <textoffsetx>80</textoffsetx>
                                <width>1256</width>
                                <height>63</height>
                                <textcolor>white</textcolor>
                                <info>ListItem.Label</info>
                            </control>
                            <control type="label">
                                <align>right</align>
                                <aligny>center</aligny>
                                <textoffsetx>40</textoffsetx>
                                <width>1256</width>
                                <height>63</height>
                                <textcolor>white</textcolor>
                                <info>ListItem.Property(value)</info>
                                <visible>!StringCompare(ListItem.Property(Typ), bool) + !StringCompare(ListItem.Property(Typ), button)</visible>
                            </control>
                        </control>
                        <!-- section name / seperator -->
                        <control type="group">
                            <visible>StringCompare(ListItem.Property(Typ), separator)</visible>
                            <control type="label">
                                <aligny>center</aligny>
                                <textoffsetx>40</textoffsetx>
                                <width>1256</width>
                                <height>63</height>
                                <font>Button</font>
                                <textcolor>white</textcolor>
                                <info>ListItem.Label</info>
                                <visible>true</visible>
                            </control>
                        </control> -->
                        <!-- boolean value -->
                        <control type="group">
                            <visible>StringCompare(ListItem.Property(Typ), bool)</visible>
                            <control type="image">
                                <left>1140</left>
                                <top>2</top>
                                <width>100</width>
                                <height>60</height>
                                <texture>/usr/share/kodi/addons/service.libreelec.settings/resources/skins/Default/media/default/radio-button-off.png</texture>
                                <visible>StringCompare(ListItem.Property(value), 0) | StringCompare(ListItem.Property(value), false) | IsEmpty(ListItem.Property(value))</visible>
                            </control>
                            <control type="image">
                                <left>1140</left>
                                <top>2</top>
                                <width>100</width>
                                <height>60</height>
                                <texture>/usr/share/kodi/addons/service.libreelec.settings/resources/skins/Default/media/default/radio-button-on.png</texture>
                                <visible>StringCompare(ListItem.Property(value), 1) | StringCompare(ListItem.Property(value), true)</visible>
                            </control>
                        </control>
                        <!-- button / execute value -->
                        <control type="group">
                            <visible>StringCompare(ListItem.Property(Typ), button)</visible>
                            <control type="image">
                                <left>1187</left>
                                <top>16</top>
                                <width>30</width>
                                <height>30</height>
                                <texture>/usr/share/kodi/addons/service.libreelec.settings/resources/skins/Default/media/icons/do.png</texture>
                            </control>
                        </control>
                    </itemlayout>
                    <focusedlayout height="63">
                        <!-- entry name and text value -->
                        <control type="group">
                            <visible>!StringCompare(ListItem.Property(Typ), separator)</visible>
                            <control type="image">
                                <width>1256</width>
                                <height>63</height>
                                <visible>Control.HasFocus(1100)</visible>
                                <texture colordiffuse="$VAR[ColorHighlight]">common/white.png</texture>
                            </control>
                            <control type="label">
                                <aligny>center</aligny>
                                <textoffsetx>80</textoffsetx>
                                <width>1256</width>
                                <height>63</height>
                                <textcolor>white</textcolor>
                                <info>ListItem.Label</info>
                            </control>
                            <control type="label">
                                <align>right</align>
                                <textoffsetx>40</textoffsetx>
                                <aligny>center</aligny>
                                <width>1256</width>
                                <height>63</height>
                                <textcolor>white</textcolor>
                                <info>ListItem.Property(value)</info>
                                <visible>!StringCompare(ListItem.Property(Typ), bool) + !StringCompare(ListItem.Property(Typ), button)</visible>
                            </control>
                        </control>
                        <!-- section name / seperator -->
                        <control type="group">
                            <visible>StringCompare(ListItem.Property(Typ), separator)</visible>
                            <control type="label">
                                <aligny>center</aligny>
                                <textoffsetx>40</textoffsetx>
                                <width>1256</width>
                                <height>63</height>
                                <font>Button</font>
                                <textcolor>white</textcolor>
                                <info>ListItem.Label</info>
                                <visible>true</visible>
                            </control>
                        </control>
                        <!-- boolean value -->
                        <control type="group">
                            <visible>StringCompare(ListItem.Property(Typ), bool)</visible>
                            <control type="image">
                                <left>1140</left>
                                <top>2</top>
                                <width>100</width>
                                <height>60</height>
                                <texture>/usr/share/kodi/addons/service.libreelec.settings/resources/skins/Default/media/default/radio-button-off.png</texture>
                                <visible>StringCompare(ListItem.Property(value), 0) | StringCompare(ListItem.Property(value), false) | IsEmpty(ListItem.Property(value))</visible>
                            </control>
                            <control type="image">
                                <left>1140</left>
                                <top>2</top>
                                <width>100</width>
                                <height>60</height>
                                <texture>/usr/share/kodi/addons/service.libreelec.settings/resources/skins/Default/media/default/radio-button-on.png</texture>
                                <visible>StringCompare(ListItem.Property(value), 1) | StringCompare(ListItem.Property(value), true)</visible>
                            </control>
                        </control>
                        <!-- button / execute value -->
                        <control type="group">
                            <visible>StringCompare(ListItem.Property(Typ), button)</visible>
                            <control type="image">
                                <left>1187</left>
                                <top>16</top>
                                <width>30</width>
                                <height>30</height>
                                <texture>/usr/share/kodi/addons/service.libreelec.settings/resources/skins/Default/media/icons/do.png</texture>
                            </control>
                        </control>
                    </focusedlayout>
                </control>
                <!-- Network Menu Content -->
                <control type="list" id="1200">
                    <left>22</left>
                    <top>22</top>
                    <width>1256</width>
                    <height>450</height>
                    <onleft>1000</onleft>
		    <onback>1000</onback>
                    <onright>1500</onright>
                    <pagecontrol>1098</pagecontrol>
                    <scrolltime>300</scrolltime>
                    <visible>StringCompare(Container(1000).ListItem.Property(listTyp), 1200)</visible>
                    <itemlayout height="100">
                        <control type="image">
                            <left>40</left>
                            <top>25</top>
                            <width>48</width>
                            <height>48</height>
                            <aspectratio>keep</aspectratio>
                            <visible>StringCompare(ListItem.Property(netType), ethernet)</visible>
                            <texture>/usr/share/kodi/addons/service.libreelec.settings/resources/skins/Default/media/icons/eth.png</texture>
                        </control>
                        <!-- Icon wifi -->
                        <control type="image">
                            <left>40</left>
                            <top>25</top>
                            <width>48</width>
                            <height>48</height>
                            <aspectratio>keep</aspectratio>
                            <visible>StringCompare(ListItem.Property(netType), wifi)</visible>
                            <texture>/usr/share/kodi/addons/service.libreelec.settings/resources/skins/Default/media/icons/wlan.png</texture>
                        </control>
                        <!-- Connection Name -->
                        <control type="label">
                            <left>140</left>
                            <top>10</top>
                            <width>300</width>
                            <height>30</height>
                            <font>Button</font>
                            <textcolor>white</textcolor>
                            <info>ListItem.Label</info>
                            <visible>true</visible>
                        </control>
                        <!-- Interface -->
                        <control type="label">
                            <left>140</left>
                            <top>49</top>
                            <width>300</width>
                            <height>20</height>
                            <font>font12</font>
                            <textcolor>white</textcolor>
                            <label>$ADDON[service.libreelec.settings 601]: [COLOR=white]$INFO[ListItem.Property(Interface)][/COLOR]</label>
                            <visible>!IsEmpty(ListItem.Property(Interface))</visible>
                        </control>
                        <!-- Connection Address -->
                        <control type="label">
                            <left>740</left>
                            <top>49</top>
                            <width>290</width>
                            <height>20</height>
                            <font>font12</font>
                            <textcolor>white</textcolor>
                            <visible>StringCompare(ListItem.Property(State), online) | StringCompare(ListItem.Property(State), ready)</visible>
                            <label>$ADDON[service.libreelec.settings 602]: [COLOR=white]$INFO[ListItem.Property(Address)][/COLOR]</label>
                        </control>
                        <!-- Method -->
                        <control type="label">
                            <left>500</left>
                            <top>49</top>
                            <width>200</width>
                            <height>20</height>
                            <font>font12</font>
                            <textcolor>white</textcolor>
                            <label>$ADDON[service.libreelec.settings 603]: [COLOR=white]$INFO[ListItem.Property(Method)][/COLOR]</label>
                        </control>
                        <!-- State -->
                        <control type="label">
                            <left>500</left>
                            <top>20</top>
                            <width>200</width>
                            <height>20</height>
                            <font>font12</font>
                            <textcolor>white</textcolor>
                            <label>$ADDON[service.libreelec.settings 604]: [COLOR=white]$INFO[ListItem.Property(State)][/COLOR]</label>
                        </control>
                        <!-- Signal strength -->
                        <control type="progress">
                            <left>10</left>
                            <top>80</top>
                            <width>1236</width>
                            <height>3</height>
                            <info>ListItem.Property(Strength)</info>
                            <visible>StringCompare(ListItem.Property(netType), wifi)</visible>
                            <texturebg />
                            <lefttexture />
                            <righttexture />
                            <overlaytexture />
                            <midtexture colordiffuse="FF12B2E7" border="2">/usr/share/kodi/addons/service.libreelec.settings/resources/skins/Default/media/default/separator-grey.png</midtexture>
                        </control>
                        <!-- Signal strength value -->
                        <control type="label">
                            <left>1190</left>
                            <top>66</top>
                            <width>40</width>
                            <height>40</height>
                            <font>Tiny</font>
                            <align>right</align>
                            <textcolor>white</textcolor>
                            <info>ListItem.Property(Strength)</info>
                            <visible>StringCompare(ListItem.Property(netType), wifi)</visible>
                        </control>
                        <!-- Online Symbol (top right) -->
                        <control type="image">
                            <left>1238</left>
                            <top>20</top>
                            <width>36</width>
                            <height>36</height>
                            <aspectratio>keep</aspectratio>
                            <visible>StringCompare(ListItem.Property(State), online)</visible>
                            <texture>/usr/share/kodi/addons/service.libreelec.settings/resources/skins/Default/media/icons/connected.png</texture>
                        </control>
                        <!-- Favorite Symbol (bottom right) -->
                        <control type="image">
                            <left>1180</left>
                            <top>50</top>
                            <width>20</width>
                            <height>20</height>
                            <aspectratio>keep</aspectratio>
                            <visible>StringCompare(ListItem.Property(Favorite), 1)</visible>
                            <texture>/usr/share/kodi/addons/service.libreelec.settings/resources/skins/Default/media/icons/Favorite.png</texture>
                        </control>
                        <!-- Secure Symbol (bottom right) -->
                        <control type="image">
                            <left>1210</left>
                            <top>50</top>
                            <width>20</width>
                            <height>20</height>
                            <aspectratio>keep</aspectratio>
                            <visible>IntegerGreaterThan(ListItem.Property(Security), 0)</visible>
                            <texture>/usr/share/kodi/addons/service.libreelec.settings/resources/skins/Default/media/icons/Key.png</texture>
                        </control>
                    </itemlayout>
                    <focusedlayout height="100">
                        <control type="image">
                            <width>1256</width>
                            <height>100</height>
                            <texture colordiffuse="FF12B2E7">/usr/share/kodi/addons/service.libreelec.settings/resources/skins/Default/media/default/focus.png</texture>
                            <visible>Control.HasFocus(1200)</visible>
                        </control>
                        <!-- Icon ethernet -->
                        <control type="image">
                            <left>40</left>
                            <top>25</top>
                            <width>48</width>
                            <height>48</height>
                            <aspectratio>keep</aspectratio>
                            <visible>StringCompare(ListItem.Property(netType), ethernet)</visible>
                            <texture>/usr/share/kodi/addons/service.libreelec.settings/resources/skins/Default/media/icons/eth.png</texture>
                        </control>
                        <!-- Icon wifi -->
                        <control type="image">
                            <left>40</left>
                            <top>25</top>
                            <width>48</width>
                            <height>48</height>
                            <aspectratio>keep</aspectratio>
                            <visible>StringCompare(ListItem.Property(netType), wifi)</visible>
                            <texture>/usr/share/kodi/addons/service.libreelec.settings/resources/skins/Default/media/icons/wlan.png</texture>
                        </control>
                        <!-- Connection Name -->
                        <control type="label">
                            <left>140</left>
                            <top>10</top>
                            <width>300</width>
                            <height>30</height>
                            <font>Button</font>
                            <textcolor>white</textcolor>
                            <info>ListItem.Label</info>
                            <visible>true</visible>
                        </control>
                        <!-- Interface -->
                        <control type="label">
                            <left>140</left>
                            <top>49</top>
                            <width>300</width>
                            <height>20</height>
                            <font>font12</font>
                            <textcolor>white</textcolor>
                            <label>$ADDON[service.libreelec.settings 601]: [COLOR=white]$INFO[ListItem.Property(Interface)][/COLOR]</label>
                            <visible>!IsEmpty(ListItem.Property(Interface))</visible>
                        </control>
                        <!-- Connection Address -->
                        <control type="label">
                            <left>740</left>
                            <top>49</top>
                            <width>290</width>
                            <height>20</height>
                            <font>font12</font>
                            <textcolor>white</textcolor>
                            <visible>StringCompare(ListItem.Property(State), online) | StringCompare(ListItem.Property(State), ready)</visible>
                            <label>$ADDON[service.libreelec.settings 602]: [COLOR=white]$INFO[ListItem.Property(Address)][/COLOR]</label>
                        </control>
                        <!-- Method -->
                        <control type="label">
                            <left>500</left>
                            <top>49</top>
                            <width>200</width>
                            <height>20</height>
                            <font>font12</font>
                            <textcolor>white</textcolor>
                            <label>$ADDON[service.libreelec.settings 603]: [COLOR=white]$INFO[ListItem.Property(Method)][/COLOR]</label>
                        </control>
                        <!-- State -->
                        <control type="label">
                            <left>500</left>
                            <top>20</top>
                            <width>200</width>
                            <height>20</height>
                            <font>font12</font>
                            <textcolor>white</textcolor>
                            <label>$ADDON[service.libreelec.settings 604]: [COLOR=white]$INFO[ListItem.Property(State)][/COLOR]</label>
                        </control>
                        <!-- Signal strength -->
                        <control type="progress">
                            <left>10</left>
                            <top>80</top>
                            <width>1236</width>
                            <height>3</height>
                            <info>ListItem.Property(Strength)</info>
                            <visible>StringCompare(ListItem.Property(netType), wifi)</visible>
                            <texturebg />
                            <lefttexture />
                            <righttexture />
                            <overlaytexture />
                            <midtexture colordiffuse="FF12B2E7" border="2">/usr/share/kodi/addons/service.libreelec.settings/resources/skins/Default/media/default/separator-grey.png</midtexture>
                        </control>
                        <!-- Signal strength value -->
                        <control type="label">
                            <left>1190</left>
                            <top>66</top>
                            <width>40</width>
                            <height>40</height>
                            <font>Tiny</font>
                            <align>right</align>
                            <textcolor>white</textcolor>
                            <info>ListItem.Property(Strength)</info>
                            <visible>StringCompare(ListItem.Property(netType), wifi)</visible>
                        </control>
                        <!-- Online Symbol (top right) -->
                        <control type="image">
                            <left>1238</left>
                            <top>20</top>
                            <width>36</width>
                            <height>36</height>
                            <aspectratio>keep</aspectratio>
                            <visible>StringCompare(ListItem.Property(State), online)</visible>
                            <texture>/usr/share/kodi/addons/service.libreelec.settings/resources/skins/Default/media/icons/connected.png</texture>
                        </control>
                        <!-- Favorite Symbol (bottom right) -->
                        <control type="image">
                            <left>1180</left>
                            <top>50</top>
                            <width>20</width>
                            <height>20</height>
                            <aspectratio>keep</aspectratio>
                            <visible>StringCompare(ListItem.Property(Favorite), 1)</visible>
                            <texture>/usr/share/kodi/addons/service.libreelec.settings/resources/skins/Default/media/icons/Favorite.png</texture>
                        </control>
                        <!-- Secure Symbol (bottom right) -->
                        <control type="image">
                            <left>1210</left>
                            <top>50</top>
                            <width>20</width>
                            <height>20</height>
                            <aspectratio>keep</aspectratio>
                            <visible>IntegerGreaterThan(ListItem.Property(Security), 0)</visible>
                            <texture>/usr/share/kodi/addons/service.libreelec.settings/resources/skins/Default/media/icons/Key.png</texture>
                        </control>
                    </focusedlayout>
                </control>
                <!-- Bluetooth Menu Content -->
                <control type="label" id="1301">
                    <align>center</align>
		    <left>30</left>
                    <aligny>center</aligny>
                    <width>1256</width>
                    <height>450</height>
                    <info />
                    <align>center</align>
                    <visible>StringCompare(Container(1000).ListItem.Property(listTyp), 1300) + StringCompare(Container(1300).NumItems, 0)</visible>
		    <textcolor>grey</textcolor>
                </control>
                <control type="list" id="1300">
                    <left>22</left>
                    <top>22</top>
                    <width>1256</width>
                    <height>640</height>
                    <onleft>1000</onleft>
                    <onright>1500</onright>
		    <onback>1000</onback>
                    <pagecontrol>1099</pagecontrol>
                    <scrolltime>300</scrolltime>
                    <visible>StringCompare(Container(1000).ListItem.Property(listTyp), 1300)</visible>
                    <itemlayout height="100">
                        <!-- default -->
                        <control type="image">
                            <left>40</left>
                            <top>25</top>
                            <width>48</width>
                            <height>48</height>
                            <aspectratio>keep</aspectratio>
                            <visible>StringCompare(ListItem.Property(Icon), default)</visible>
                            <texture>/usr/share/kodi/addons/service.libreelec.settings/resources/skins/Default/media/icons/bt.png</texture>
                        </control>
                        <!-- modem -->
                        <control type="image">
                            <left>40</left>
                            <top>25</top>
                            <width>48</width>
                            <height>48</height>
                            <aspectratio>keep</aspectratio>
                            <visible>StringCompare(ListItem.Property(Icon), modem)</visible>
                            <texture>/usr/share/kodi/addons/service.libreelec.settings/resources/skins/Default/media/icons/bt-modem.png</texture>
                        </control>
                        <!-- audio -->
                        <control type="image">
                            <left>40</left>
                            <top>25</top>
                            <width>48</width>
                            <height>48</height>
                            <aspectratio>keep</aspectratio>
                            <visible>StringCompare(ListItem.Property(Icon), audio-card)</visible>
                            <texture>/usr/share/kodi/addons/service.libreelec.settings/resources/skins/Default/media/icons/bt-audio-card.png</texture>
                        </control>
                        <!-- Camera Photo -->
                        <control type="image">
                            <left>40</left>
                            <top>25</top>
                            <width>48</width>
                            <height>48</height>
                            <aspectratio>keep</aspectratio>
                            <visible>StringCompare(ListItem.Property(Icon), camera-photo)</visible>
                            <texture>/usr/share/kodi/addons/service.libreelec.settings/resources/skins/Default/media/icons/bt-camera-photo.png</texture>
                        </control>
                        <!-- Icon phone -->
                        <control type="image">
                            <left>40</left>
                            <top>25</top>
                            <width>48</width>
                            <height>48</height>
                            <aspectratio>keep</aspectratio>
                            <visible>StringCompare(ListItem.Property(Icon), phone)</visible>
                            <texture>/usr/share/kodi/addons/service.libreelec.settings/resources/skins/Default/media/icons/bt-phone.png</texture>
                        </control>
                        <!-- camera-video -->
                        <control type="image">
                            <left>40</left>
                            <top>25</top>
                            <width>48</width>
                            <height>48</height>
                            <aspectratio>keep</aspectratio>
                            <visible>StringCompare(ListItem.Property(Icon), camera-video)</visible>
                            <texture>/usr/share/kodi/addons/service.libreelec.settings/resources/skins/Default/media/icons/bt-camera-video.png</texture>
                        </control>
                        <!-- input-mouse -->
                        <control type="image">
                            <left>40</left>
                            <top>25</top>
                            <width>48</width>
                            <height>48</height>
                            <aspectratio>keep</aspectratio>
                            <visible>StringCompare(ListItem.Property(Icon), input-mouse)</visible>
                            <texture>/usr/share/kodi/addons/service.libreelec.settings/resources/skins/Default/media/icons/bt-input-mouse.png</texture>
                        </control>
                        <!-- input-gaming -->
                        <control type="image">
                            <left>40</left>
                            <top>25</top>
                            <width>48</width>
                            <height>48</height>
                            <aspectratio>keep</aspectratio>
                            <visible>StringCompare(ListItem.Property(Icon), input-gaming)</visible>
                            <texture>/usr/share/kodi/addons/service.libreelec.settings/resources/skins/Default/media/icons/bt-input-gaming.png</texture>
                        </control>
                        <!-- input-keyboard -->
                        <control type="image">
                            <left>40</left>
                            <top>25</top>
                            <width>48</width>
                            <height>48</height>
                            <aspectratio>keep</aspectratio>
                            <visible>StringCompare(ListItem.Property(Icon), input-keyboard)</visible>
                            <texture>/usr/share/kodi/addons/service.libreelec.settings/resources/skins/Default/media/icons/bt-input-keyboard.png</texture>
                        </control>
                        <!-- input-tablet -->
                        <control type="image">
                            <left>40</left>
                            <top>25</top>
                            <width>48</width>
                            <height>48</height>
                            <aspectratio>keep</aspectratio>
                            <visible>StringCompare(ListItem.Property(Icon), input-tablet)</visible>
                            <texture>/usr/share/kodi/addons/service.libreelec.settings/resources/skins/Default/media/icons/bt-input-tablet.png</texture>
                        </control>
                        <!-- Printer -->
                        <control type="image">
                            <left>40</left>
                            <top>25</top>
                            <width>48</width>
                            <height>48</height>
                            <aspectratio>keep</aspectratio>
                            <visible>StringCompare(ListItem.Property(Icon), printer)</visible>
                            <texture>/usr/share/kodi/addons/service.libreelec.settings/resources/skins/Default/media/icons/bt-printer.png</texture>
                        </control>
                        <!-- Computer -->
                        <control type="image">
                            <left>40</left>
                            <top>25</top>
                            <width>48</width>
                            <height>48</height>
                            <aspectratio>keep</aspectratio>
                            <visible>StringCompare(ListItem.Property(Icon), computer)</visible>
                            <texture>/usr/share/kodi/addons/service.libreelec.settings/resources/skins/Default/media/icons/bt-computer.png</texture>
                        </control>
                        <!-- Connection Name -->
                        <control type="label">
                            <left>140</left>
                            <top>10</top>
                            <width>490</width>
                            <height>30</height>
                            <font>Button</font>
                            <textcolor>white</textcolor>
                            <info>ListItem.Label</info>
                            <visible>true</visible>
                        </control>
                        <!-- Connection Address -->
                        <control type="label">
                            <left>650</left>
                            <top>49</top>
                            <width>340</width>
                            <height>20</height>
                            <font>font12</font>
                            <textcolor>white</textcolor>
                            <label>$ADDON[service.libreelec.settings 605]: [COLOR=white]$INFO[ListItem.Property(Address)][/COLOR]</label>
                        </control>
                        <!-- Connected State -->
                        <control type="label">
                            <left>650</left>
                            <top>20</top>
                            <width>340</width>
                            <height>20</height>
                            <font>font12</font>
                            <textcolor>white</textcolor>
                            <label>$ADDON[service.libreelec.settings 32333][COLOR=white]$INFO[ListItem.Property(ConnectedState)][/COLOR]</label>
                        </control>
                        <!-- Paired Symbol (bottom right) -->
                        <control type="image">
                            <left>1180</left>
                            <top>50</top>
                            <width>20</width>
                            <height>20</height>
                            <aspectratio>keep</aspectratio>
                            <visible>StringCompare(ListItem.Property(Paired), 1)</visible>
                            <texture>icons/Favorite.png</texture>
                        </control>
                        <!-- Trusted Symbol (bottom right) -->
                        <control type="image">
                            <left>1210</left>
                            <top>50</top>
                            <width>20</width>
                            <height>20</height>
                            <aspectratio>keep</aspectratio>
                            <visible>IntegerGreaterThan(ListItem.Property(Trusted), 0)</visible>
                            <texture>/usr/share/kodi/addons/service.libreelec.settings/resources/skins/Default/media/icons/Key.png</texture>
                        </control>
                    </itemlayout>
                    <focusedlayout height="100">
                        <control type="image">
                            <width>1256</width>
                            <height>100</height>
                            <texture colordiffuse="FF12B2E7">/usr/share/kodi/addons/service.libreelec.settings/resources/skins/Default/media/default/focus.png</texture>
                            <visible>Control.HasFocus(1300)</visible>
                        </control>
                        <!-- default -->
                        <control type="image">
                            <left>40</left>
                            <top>25</top>
                            <width>48</width>
                            <height>48</height>
                            <aspectratio>keep</aspectratio>
                            <visible>StringCompare(ListItem.Property(Icon), default)</visible>
                            <texture>/usr/share/kodi/addons/service.libreelec.settings/resources/skins/Default/media/icons/bt.png</texture>
                        </control>
                        <!-- modem -->
                        <control type="image">
                            <left>40</left>
                            <top>25</top>
                            <width>48</width>
                            <height>48</height>
                            <aspectratio>keep</aspectratio>
                            <visible>StringCompare(ListItem.Property(Icon), modem)</visible>
                            <texture>/usr/share/kodi/addons/service.libreelec.settings/resources/skins/Default/media/icons/bt-modem.png</texture>
                        </control>
                        <!-- audio -->
                        <control type="image">
                            <left>40</left>
                            <top>25</top>
                            <width>48</width>
                            <height>48</height>
                            <aspectratio>keep</aspectratio>
                            <visible>StringCompare(ListItem.Property(Icon), audio-card)</visible>
                            <texture>/usr/share/kodi/addons/service.libreelec.settings/resources/skins/Default/media/icons/bt-audio-card.png</texture>
                        </control>
                        <!-- Camera Photo -->
                        <control type="image">
                            <left>40</left>
                            <top>25</top>
                            <width>48</width>
                            <height>48</height>
                            <aspectratio>keep</aspectratio>
                            <visible>StringCompare(ListItem.Property(Icon), camera-photo)</visible>
                            <texture>/usr/share/kodi/addons/service.libreelec.settings/resources/skins/Default/media/icons/bt-camera-photo.png</texture>
                        </control>
                        <!-- Icon phone -->
                        <control type="image">
                            <left>40</left>
                            <top>25</top>
                            <width>48</width>
                            <height>48</height>
                            <aspectratio>keep</aspectratio>
                            <visible>StringCompare(ListItem.Property(Icon), phone)</visible>
                            <texture>/usr/share/kodi/addons/service.libreelec.settings/resources/skins/Default/media/icons/bt-phone.png</texture>
                        </control>
                        <!-- camera-video -->
                        <control type="image">
                            <left>40</left>
                            <top>25</top>
                            <width>48</width>
                            <height>48</height>
                            <aspectratio>keep</aspectratio>
                            <visible>StringCompare(ListItem.Property(Icon), camera-video)</visible>
                            <texture>/usr/share/kodi/addons/service.libreelec.settings/resources/skins/Default/media/icons/bt-camera-video.png</texture>
                        </control>
                        <!-- input-mouse -->
                        <control type="image">
                            <left>40</left>
                            <top>25</top>
                            <width>48</width>
                            <height>48</height>
                            <aspectratio>keep</aspectratio>
                            <visible>StringCompare(ListItem.Property(Icon), input-mouse)</visible>
                            <texture>/usr/share/kodi/addons/service.libreelec.settings/resources/skins/Default/media/icons/bt-input-mouse.png</texture>
                        </control>
                        <!-- input-gaming -->
                        <control type="image">
                            <left>40</left>
                            <top>25</top>
                            <width>48</width>
                            <height>48</height>
                            <aspectratio>keep</aspectratio>
                            <visible>StringCompare(ListItem.Property(Icon), input-gaming)</visible>
                            <texture>/usr/share/kodi/addons/service.libreelec.settings/resources/skins/Default/media/icons/bt-input-gaming.png</texture>
                        </control>
                        <!-- input-keyboard -->
                        <control type="image">
                            <left>40</left>
                            <top>25</top>
                            <width>48</width>
                            <height>48</height>
                            <aspectratio>keep</aspectratio>
                            <visible>StringCompare(ListItem.Property(Icon), input-keyboard)</visible>
                            <texture>/usr/share/kodi/addons/service.libreelec.settings/resources/skins/Default/media/icons/bt-input-keyboard.png</texture>
                        </control>
                        <!-- input-tablet -->
                        <control type="image">
                            <left>40</left>
                            <top>25</top>
                            <width>48</width>
                            <height>48</height>
                            <aspectratio>keep</aspectratio>
                            <visible>StringCompare(ListItem.Property(Icon), input-tablet)</visible>
                            <texture>/usr/share/kodi/addons/service.libreelec.settings/resources/skins/Default/media/icons/bt-input-tablet.png</texture>
                        </control>
                        <!-- Printer -->
                        <control type="image">
                            <left>40</left>
                            <top>25</top>
                            <width>48</width>
                            <height>48</height>
                            <aspectratio>keep</aspectratio>
                            <visible>StringCompare(ListItem.Property(Icon), printer)</visible>
                            <texture>/usr/share/kodi/addons/service.libreelec.settings/resources/skins/Default/media/icons/bt-printer.png</texture>
                        </control>
                        <!-- Computer -->
                        <control type="image">
                            <left>40</left>
                            <top>25</top>
                            <width>48</width>
                            <height>48</height>
                            <aspectratio>keep</aspectratio>
                            <visible>StringCompare(ListItem.Property(Icon), computer)</visible>
                            <texture>/usr/share/kodi/addons/service.libreelec.settings/resources/skins/Default/media/icons/bt-computer.png</texture>
                        </control>
                        <!-- Connection Name -->
                        <control type="label">
                            <left>140</left>
                            <top>10</top>
                            <width>490</width>
                            <height>30</height>
                            <font>Button</font>
                            <textcolor>white</textcolor>
                            <info>ListItem.Label</info>
                            <visible>true</visible>
                        </control>
                        <!-- Connection Address -->
                        <control type="label">
                            <left>650</left>
                            <top>49</top>
                            <width>340</width>
                            <height>20</height>
                            <font>font12</font>
                            <textcolor>white</textcolor>
                            <label>$ADDON[service.libreelec.settings 605]: [COLOR=white]$INFO[ListItem.Property(Address)][/COLOR]</label>
                        </control>
                        <!-- Connected State -->
                        <control type="label">
                            <left>650</left>
                            <top>20</top>
                            <width>340</width>
                            <height>20</height>
                            <font>font12</font>
                            <textcolor>white</textcolor>
                            <label>$ADDON[service.libreelec.settings 32333][COLOR=white]$INFO[ListItem.Property(ConnectedState)][/COLOR]</label>
                        </control>
                        <!-- Paired Symbol (bottom right) -->
                        <control type="image">
                            <left>1180</left>
                            <top>50</top>
                            <width>20</width>
                            <height>20</height>
                            <aspectratio>keep</aspectratio>
                            <visible>StringCompare(ListItem.Property(Paired), 1)</visible>
                            <texture>/usr/share/kodi/addons/service.libreelec.settings/resources/skins/Default/media/icons/Favorite.png</texture>
                        </control>
                        <!-- Trusted Symbol (bottom right) -->
                        <control type="image">
                            <left>1210</left>
                            <top>50</top>
                            <width>20</width>
                            <height>20</height>
                            <aspectratio>keep</aspectratio>
                            <visible>IntegerGreaterThan(ListItem.Property(Trusted), 0)</visible>
                            <texture>icons/Key.png</texture>
                        </control>
                    </focusedlayout>
                </control>
            </control>
	    <!-- information text at bottom -->
            <control type="textbox" id="1400">
                <left>466</left>
                <top>680</top>
                <width>1150</width>
                <height>150</height>
                <label>$INFO[Window.Property(InfoText)]</label>
                <align>left</align>
                <font>Tiny</font>
                <textcolor>B3cccccc</textcolor>
            </control>
            <control type="button" id="1501">
                <left>1400</left>
                <top>810</top>
                <width>300</width>
                <height>75</height>
                <visible>true</visible>
                <texturefocus border="40" colordiffuse="FF12B2E7">/usr/share/kodi/addons/service.libreelec.settings/resources/skins/Default/media/default/button-fo.png</texturefocus>
                <texturenofocus colordiffuse="71FFFFFF" border="40">/usr/share/kodi/addons/service.libreelec.settings/resources/skins/Default/media/default/button-alt-nofo.png</texturenofocus>
                <label />
                <font>font13_title</font>
                <textcolor>white</textcolor>
                <align>center</align>
                <onup>1100</onup>
                <ondown>1100</ondown>
                <onleft>1500</onleft>
                <onright>1500</onright>
		<onback>1000</onback>
                <visible>!IsEmpty(Control.GetLabel(1501))</visible>
            </control>
            <control type="button" id="1500">
                <left>1100</left>
                <top>810</top>
                <width>300</width>
                <height>75</height>
                <visible>true</visible>
                <texturefocus border="40" colordiffuse="FF12B2E7">/usr/share/kodi/addons/service.libreelec.settings/resources/skins/Default/media/default/button-fo.png</texturefocus>
                <texturenofocus colordiffuse="71FFFFFF" border="40">/usr/share/kodi/addons/service.libreelec.settings/resources/skins/Default/media/default/button-alt-nofo.png</texturenofocus>
                <label />
                <font>font13_title</font>
                <textcolor>white</textcolor>
                <align>center</align>
                <onup>1100</onup>
                <ondown>1100</ondown>
                <onleft>1501</onleft>
		<onback>1000</onback>
                <onright>1501</onright>
                <visible>!IsEmpty(Control.GetLabel(1500))</visible>
            </control>
        </control>

        <!-- simple list ( 1100 ) up / down -->
        <control type="button" id="1090">
            <left>1141</left>
            <top>940</top>
            <width>48</width>
            <height>24</height>
            <texturefocus colordiffuse="button_focus">overlays/arrowdown.png</texturefocus>
            <texturenofocus colordiffuse="button_focus">overlays/arrowdown.png</texturenofocus>
            <animation effect="zoom" start="100,0" end="100,100" center="auto" time="200" delay="10">VisibleChange</animation>
            <animation effect="zoom" start="100,0" end="100,100" delay="500" center="auto" time="200">WindowOpen</animation>
            <animation effect="zoom" start="100,100" end="100,0" center="auto" time="200">WindowClose</animation>
            <onclick>SetFocus(1100)</onclick>
            <onclick>PageDown(1100)</onclick>
            <visible>Container(1100).HasNext + Control.IsVisible(1100)</visible>
        </control>
        <control type="button" id="1091">
            <left>1141</left>
            <top>105</top>
            <width>48</width>
            <height>24</height>
            <texturefocus colordiffuse="button_focus" flipy="true">overlays/arrowdown.png</texturefocus>
            <texturenofocus colordiffuse="button_focus" flipy="true">overlays/arrowdown.png</texturenofocus>
            <animation effect="zoom" start="100,0" end="100,100" center="auto" time="200" delay="10">VisibleChange</animation>
            <animation effect="zoom" start="100,0" end="100,100" delay="500" center="auto" time="200">WindowOpen</animation>
            <animation effect="zoom" start="100,100" end="100,0" center="auto" time="200">WindowClose</animation>
            <onclick>SetFocus(1100)</onclick>
            <onclick>PageUp(1100)</onclick>
            <visible>Container(1100).HasPrevious + Control.IsVisible(1100)</visible>
        </control>

        <!-- network list ( 1200 ) up / down -->
        <control type="button" id="1092">
            <left>1141</left>
            <top>940</top>
            <width>48</width>
            <height>24</height>
            <texturefocus colordiffuse="button_focus">overlays/arrowdown.png</texturefocus>
            <texturenofocus colordiffuse="button_focus">overlays/arrowdown.png</texturenofocus>
            <animation effect="zoom" start="100,0" end="100,100" center="auto" time="200" delay="10">VisibleChange</animation>
            <animation effect="zoom" start="100,0" end="100,100" delay="500" center="auto" time="200">WindowOpen</animation>
            <animation effect="zoom" start="100,100" end="100,0" center="auto" time="200">WindowClose</animation>
            <onclick>SetFocus(1200)</onclick>
            <onclick>PageDown(1200)</onclick>
            <visible>Container(1200).HasNext + Control.IsVisible(1200)</visible>
        </control>
        <control type="button" id="1093">
            <left>1141</left>
            <top>105</top>
            <width>48</width>
            <height>24</height>
            <texturefocus colordiffuse="button_focus" flipy="true">overlays/arrowdown.png</texturefocus>
            <texturenofocus colordiffuse="button_focus" flipy="true">overlays/arrowdown.png</texturenofocus>
            <animation effect="zoom" start="100,0" end="100,100" center="auto" time="200" delay="10">VisibleChange</animation>
            <animation effect="zoom" start="100,0" end="100,100" delay="500" center="auto" time="200">WindowOpen</animation>
            <animation effect="zoom" start="100,100" end="100,0" center="auto" time="200">WindowClose</animation>
            <onclick>SetFocus(1200)</onclick>
            <onclick>PageUp(1200)</onclick>
            <visible>Container(1200).HasPrevious + Control.IsVisible(1200)</visible>
        </control>

        <!-- bluetooth list ( 1300 ) up / down -->
        <control type="button" id="1092">
            <left>1141</left>
            <top>940</top>
            <width>48</width>
            <height>24</height>
            <texturefocus colordiffuse="button_focus">overlays/arrowdown.png</texturefocus>
            <texturenofocus colordiffuse="button_focus">overlays/arrowdown.png</texturenofocus>
            <animation effect="zoom" start="100,0" end="100,100" center="auto" time="200" delay="10">VisibleChange</animation>
            <animation effect="zoom" start="100,0" end="100,100" delay="500" center="auto" time="200">WindowOpen</animation>
            <animation effect="zoom" start="100,100" end="100,0" center="auto" time="200">WindowClose</animation>
            <onclick>SetFocus(1300)</onclick>
            <onclick>PageDown(1300)</onclick>
            <visible>Container(1300).HasNext + Control.IsVisible(1300)</visible>
        </control>
        <control type="button" id="1093">
            <left>1141</left>
            <top>105</top>
            <width>48</width>
            <height>24</height>
            <texturefocus colordiffuse="button_focus" flipy="true">overlays/arrowdown.png</texturefocus>
            <texturenofocus colordiffuse="button_focus" flipy="true">overlays/arrowdown.png</texturenofocus>
            <animation effect="zoom" start="100,0" end="100,100" center="auto" time="200" delay="10">VisibleChange</animation>
            <animation effect="zoom" start="100,0" end="100,100" delay="500" center="auto" time="200">WindowOpen</animation>
            <animation effect="zoom" start="100,100" end="100,0" center="auto" time="200">WindowClose</animation>
            <onclick>SetFocus(1300)</onclick>
            <onclick>PageUp(1300)</onclick>
            <visible>Container(1300).HasPrevious + Control.IsVisible(1300)</visible>
        </control>
    </controls>
</window>
