<?xml version="1.0" encoding="UTF-8"?>
<includes>
  <include name="Programviews">
    <control type="group">
      <visible>Control.IsVisible(50)</visible>
      <control type="group">
        <include>Left_Panel_Addons</include>
      </control>
      <control type="group" description="Slider and List">
        <include>LargeListItemCount</include>
        <left>1020</left>
      <top>131</top>
        <control type="fixedlist" id="50">
          <left>0</left>
          <top>0</top>
          <width>802</width>
          <height>888</height>
          <onleft condition="!Skin.HasSetting(ViewsMenuOff)">9000</onleft>
          <onleft condition="Skin.HasSetting(ViewsMenuOff)">noop</onleft>		  	  
          <onright condition="Skin.HasSetting(Scrollbars_Active)">60</onright>
		  <onright condition="!Skin.HasSetting(Scrollbars_Active)">noop</onright>	  
          <onup>50</onup>
          <ondown>50</ondown>
          <pagecontrol>60</pagecontrol>
          <viewtype label="537">Big list</viewtype>
          <focusposition>3</focusposition>
          <movement>4</movement>
          <preloaditems>4</preloaditems>
          <scrolltime tween="sine" easing="inout">280</scrolltime>
          <include>LargeListAddonsLayout</include>
        </control>      
      </control>
      <control type="scrollbar" id="60">
		<visible>Skin.HasSetting(Scrollbars_Active)</visible>
        <left>51r</left>
        <top>135</top>
        <height>870</height>
        <onleft>50</onleft>
        <onright>noop</onright>
      </control>
    </control>
    <control type="group" description="52 List base">
      <visible>Control.IsVisible(52)</visible>
      <include>Left_Panel_Addons</include>
      <control type="group" description="Slider and List">
        <include>SlimListItemCount</include>
        <left>1020</left>
      <top>131</top>
        <include>SlimListSlider</include>
        <control type="fixedlist" id="52">
          <left>0</left>
          <top>0</top>
          <width>802</width>
          <height>891</height>		  		  
          <onleft condition="!Skin.HasSetting(ViewsMenuOff)">9000</onleft>
          <onleft condition="Skin.HasSetting(ViewsMenuOff)">noop</onleft>		  		  
          <onright condition="Skin.HasSetting(Scrollbars_Active)">60</onright>
          <onright condition="!Skin.HasSetting(Scrollbars_Active)">noop</onright>		  		  	  
          <onup>52</onup>
          <ondown>52</ondown>
          <pagecontrol>60</pagecontrol>
          <viewtype label="List">List</viewtype>
          <focusposition>5</focusposition>
          <movement>5</movement>
          <preloaditems>4</preloaditems>
          <scrolltime tween="sine" easing="inout">280</scrolltime>
		  <include>LargeListAddonsLayout</include>
        </control>
      </control>
      <control type="scrollbar" id="60">
		<visible>Skin.HasSetting(Scrollbars_Active)</visible>
        <left>51r</left>
        <top>147</top>
        <height>882</height>
        <onleft>52</onleft>
        <onright>noop</onright>
      </control>
      <!-- <control type="label" description="Heading">
        <visible>!IsEmpty(Container.FolderName)</visible>
        <include>HeadingR</include>
        <label>$VAR[RootLabel]</label>
      </control>-->
    </control>  
    <!--ICONE-->
    <control type="group">
      <visible>Control.IsVisible(53)</visible>
      <control type="group" description="Container and frame">
        <control type="panel" id="53" description="Panel">
          <viewtype label="536">Icons</viewtype>
          <left>60</left>
          <top>140</top>
          <width>1800</width>
          <height>897</height>
          <orientation>vertical</orientation>
          <onup>53</onup>
          <ondown>53</ondown>  
          <onleft condition="!Skin.HasSetting(ViewsMenuOff)">9000</onleft>
          <onleft condition="Skin.HasSetting(ViewsMenuOff)">53</onleft>		  	  
          <onright condition="Skin.HasSetting(Scrollbars_Active)">60</onright>
          <onright condition="!Skin.HasSetting(Scrollbars_Active)">53</onright>		    		  
          <preloaditems>4</preloaditems>
          <pagecontrol>60</pagecontrol>
          <scrolltime>400</scrolltime>
          <itemlayout height="345" width="300">
            <control type="image">
              <visible>container.content(albums)</visible>
              <left>22</left>
              <top>24</top>
              <width>255</width>
              <height>255</height>
              <texture fallback="DefaultAudio.png" background="true">$INFO[ListItem.Icon]</texture>
              <aspectratio>stretch</aspectratio>
            </control>
            <control type="image">
              <visible>!container.content(albums)</visible>
              <left>22</left>
              <top>24</top>
              <width>255</width>
              <height>255</height>
              <texture background="true">$INFO[ListItem.Icon]</texture>
              <aspectratio>stretch</aspectratio>
            </control>			
            <control type="label">
              <left>15</left>
              <top>300</top>
              <width>270</width>
              <height>45</height>
              <font>size27</font>
              <textcolor>textcolor3</textcolor>
              <align>center</align>
              <label>$INFO[ListItem.Label]</label>
            </control>			
          </itemlayout>
          <focusedlayout height="345" width="300">	  
			<control type="group">
				<animation effect="zoom" center="140,35" end="110" time="200" reversible="true">Focus</animation>
				<animation effect="zoom" center="140,35" start="110" end="100" time="100" reversible="true">unFocus</animation>		  
				<control type="image">
					<visible>container.content(albums)</visible>
					<left>22</left>
					<top>24</top>
					<width>255</width>
					<height>255</height>
					<texture fallback="DefaultAudio.png" background="true">$INFO[ListItem.Icon]</texture>
					<aspectratio>stretch</aspectratio>
				</control>
				<control type="image">
					<visible>!container.content(albums)</visible>
					<left>22</left>
					<top>24</top>
					<width>255</width>
					<height>255</height>
					<texture background="true">$INFO[ListItem.Icon]</texture>
					<aspectratio>stretch</aspectratio>
				</control>
				<control type="label">
					<animation effect="fade" start="0" end="100" time="200" delay="100">Focus</animation>
					<left>-10</left>
					<top>300</top>
					<width>320</width>
					<height>45</height>
					<font>size27</font>
					<textcolor>textcolor4</textcolor>
					<!--shadowcolor>Black</shadowcolor-->
					<align>center</align>
					<label>[B]$INFO[ListItem.Label][/B]</label>
				</control>
		    </control>
          </focusedlayout>
        </control>
        <!--control type="group" description="Slider">
          <include>Scrollanim</include>
          <control type="image">
            <left>69</left>
            <top>151</top>
            <width>281</width>
            <height>281</height>
            <texture border="20">images/GeneralSlider.png</texture>
            <aspectratio>stretch</aspectratio>
            <animation condition="Container.Column(0)" effect="slide" start="0,0" end="0,0" time="200" reversible="true">Conditional</animation>
            <animation condition="Container.Column(1)" effect="slide" start="0,0" end="300,0" time="200" reversible="true">Conditional</animation>
            <animation condition="Container.Column(2)" effect="slide" start="0,0" end="600,0" time="200" reversible="true">Conditional</animation>
            <animation condition="Container.Column(3)" effect="slide" start="0,0" end="900,0" time="200" reversible="true">Conditional</animation>
            <animation condition="Container.Column(4)" effect="slide" start="0,0" end="1200,0" time="200" reversible="true">Conditional</animation>
            <animation condition="Container.Column(5)" effect="slide" start="0,0" end="1500,0" time="200" reversible="true">Conditional</animation>
            <animation condition="Container.Row(0)" effect="slide" start="0,0" end="0,0" time="200" reversible="true">Conditional</animation>
            <animation condition="Container.Row(1)" effect="slide" start="0,0" end="0,345" time="200" reversible="true">Conditional</animation>
            <animation condition="Container.Row(2)" effect="slide" start="0,0" end="0,345" time="200" reversible="true">Conditional</animation>
          </control>
        </control-->
      </control>
      <control type="image" description="Line Split">
        <left>82</left>
        <top>139</top>
        <width>1748</width>
        <height>1</height>
        <texture>images/LineL.png</texture>
        <aspectratio>stretch</aspectratio>
      </control>
      <control type="grouplist" description="Media Header">
        <left>82</left>
        <top>15</top>
        <width>930</width>
        <height>75</height>
        <align>left</align>
        <aligny>bottom</aligny>
        <orientation>horizontal</orientation>
        <control type="label" id="7777" description="Heading">
          <width min="60" max="930">auto</width>
          <height>75</height>
          <textcolor>textcolor2</textcolor>
          <font>size42</font>
          <label>$VAR[RootLabel]</label>
        </control>
        <control type="label" description="Number of files">
          <visible>!IsEmpty(Control.GetLabel(7777))</visible>
          <width min="60" max="120">auto</width>
          <height>81</height>
          <font>size26</font>
          <textcolor>Grey</textcolor>
          <label>$INFO[Container.NumItems,  (,)]</label>
        </control>
      </control>
      <control type="label" description="Media details">
        <left>82</left>
        <top>90</top>
        <width>1200</width>
        <textcolor>textcolor3</textcolor>
        <include>Genre51Commons</include>
        <label>$INFO[ListItem.label]$INFO[ListItem.Artist]$INFO[ListItem.Property(Addon.Creator)]</label>
      </control>
      <control type="grouplist">
        <left>304r</left>
        <top>106</top>
        <height>24</height>
        <width>195</width>
        <itemgap>15</itemgap>
        <align>right</align>
        <orientation>horizontal</orientation>
        <control type="image" description="Rating">
          <visible>!IsEmpty(ListItem.StarRating)</visible>
          <left>1590</left>
          <top>0</top>
          <include>MusicRating</include>
        </control>
        <control type="label" description="Media details">
          <visible>container.content(addons)</visible>
          <height>24</height>
          <width>195</width>
          <font>size27</font>
          <align>right</align>
          <textcolor>Silver</textcolor>
          <label>$INFO[ListItem.Label2]</label>
        </control>
      </control>
      <!--control type="image" description="Bottom fade">
        <left>0</left>
        <top>990</top>
        <width>1920</width>
        <height>90</height>
        <texture colordiffuse="textcolor3">images/DefaultGradientWhite.png</texture>
        <aspectratio>stretch</aspectratio>
      </control-->
      <control type="scrollbar" id="60">
		<visible>Skin.HasSetting(Scrollbars_Active)</visible>
        <left>45r</left>
        <top>219</top>
        <height>660</height>
        <onleft>53</onleft>
        <onright>noop</onright>
      </control>
    </control>
    <control type="group">
      <visible>Control.IsVisible(500)</visible>
      <control type="image">
        <include>Dimensions_Fullscreen</include>
        <include>Fanart_Fade</include>
        <texture background="true">$INFO[ListItem.Property(fanart_image)]</texture>
        <aspectratio>stretch</aspectratio>
      </control>
      <control type="image">
        <include>Dimensions_Fullscreen</include>
        <texture>Shades/Overfanart.png</texture>
        <aspectratio>stretch</aspectratio>
      </control>
      <control type="fixedlist" id="500" description="Fanart">
        <visible>Container.content(Albums) | Container.content(Artists)</visible>
        <onup condition="!Skin.HasSetting(ViewsMenuOff)">9000</onup>
		<onup condition="Skin.HasSetting(ViewsMenuOff)">noop</onup>
        <ondown condition="Skin.HasSetting(Scrollbars_Active)">60</ondown>		
		<ondown condition="!Skin.HasSetting(Scrollbars_Active)">noop</ondown>
        <onleft>500</onleft>
        <onright>500</onright>	
        <viewtype label="$LOCALIZE[20445]">Fanart</viewtype>
        <left>-282</left>
        <top>690</top>
        <width>2484</width>
        <height>402</height>
        <orientation>horizontal</orientation>
        <scrolltime>400</scrolltime>
        <focusposition>3</focusposition>
        <movement>2</movement>
        <preloaditems>4</preloaditems>
        <pagecontrol>60</pagecontrol>
        <itemlayout height="357" width="354">
          <control type="image" description="Thumb">
            <left>27</left>
            <top>27</top>
            <width>303</width>
            <height>303</height>
            <texture background="true">$INFO[ListItem.Icon]</texture>
            <aspectratio>scale</aspectratio>
          </control>
        </itemlayout>
        <focusedlayout height="357" width="354">
          <control type="group">
            <control type="image" description="Thumb">
              <left>7</left>
              <top>7</top>
              <width>333</width>
              <height>333</height>
              <texture background="true">$INFO[ListItem.Icon]</texture>
              <aspectratio>scale</aspectratio>
            </control>
          </control>
        </focusedlayout>
      </control>
      <control type="image" description="LeftFade">
        <visible>Container.Position(3) | Container.Position(4) | Container.Position(5) | Container.Position(6)</visible>
        <include>VisibleFade</include>
        <left>0</left>
        <top>716</top>
        <width>54</width>
        <height>447</height>
        <texture>images/DefaultGradientH.png</texture>
        <aspectratio>stretch</aspectratio>
      </control>
      <control type="image" description="RightFade">
        <visible>Container.Position(0) | Container.Position(1) | Container.Position(2) | Container.Position(3)</visible>
        <include>VisibleFade</include>
        <left>1866</left>
        <top>716</top>
        <width>54</width>
        <height>447</height>
        <texture flipx="true">images/DefaultGradientH.png</texture>
        <aspectratio>stretch</aspectratio>
      </control>
      <control type="group" description="Media Info">
        <top>80</top>
        <left>80</left>
        <control type="label" description="Item Title">
          <left>0</left>
          <top>522</top>
          <font>size33B</font>
          <textcolor>White2</textcolor>
          <width>1760</width>
          <align>center</align>
          <include>Genre51Commons</include>
          <label>$INFO[ListItem.Label] [COLOR=Grey]$INFO[ListItem.Label2, • ][/COLOR]</label>
        </control>
        <control type="label" description="Item Title">
          <left>350</left>
          <top>-45</top>
          <font>size33B</font>
          <textcolor>White2</textcolor>
          <width>1360</width>
          <height>45</height>
          <font>size39B</font>
          <align>center</align>
          <label>$INFO[ListItem.Label]</label>
        </control>
        <control type="image" description="Line Split">
          <left>15</left>
          <top>577</top>
          <width>1890</width>
          <height>1</height>
          <texture>images/LineST.png</texture>
          <aspectratio>stretch</aspectratio>
        </control>
        <control type="image" description="Line Split">
          <left>15</left>
          <top>510</top>
          <width>1890</width>
          <height>1</height>
          <texture>images/LineST.png</texture>
          <aspectratio>stretch</aspectratio>
        </control>
        <control type="textbox">
          <left>350</left>
          <width>1360</width>
          <height>510</height>
          <align>justify</align>
          <autoscroll delay="3000" time="5000" repeat="10000"></autoscroll>
          <label>$VAR[Plots]</label>
        </control>
        <control type="label">
          <width>1760</width>
          <height>20</height>
          <label>$INFO[ListItem.Year,, • ]$INFO[ListItem.Genre]</label>
        </control>
      </control>
      <control type="list" id="428">
        <left>20</left>
        <top>40</top>
        <width>460</width>
        <height>450</height>
        <onleft>noop</onleft>
        <onright>noop</onright>
        <pagecontrol>-</pagecontrol>
        <itemlayout height="42">
          <control type="label">
            <left>150</left>
            <top>0</top>
            <width>150</width>
            <height>45</height>
            <font>size28</font>
            <align>right</align>
            <aligny>center</aligny>
            <textcolor>Grey</textcolor>
            <selectedcolor>selected</selectedcolor>
            <info>ListItem.Label</info>
          </control>
          <control type="label">
            <left>171</left>
            <top>0</top>
            <width>279</width>
            <height>45</height>
            <font>size28</font>
            <aligny>center</aligny>
            <textcolor>Grey2</textcolor>
            <selectedcolor>Grey2</selectedcolor>
            <info>ListItem.Label2</info>
          </control>
        </itemlayout>
        <focusedlayout height="42">
          <control type="label">
            <left>150</left>
            <top>0</top>
            <width>150</width>
            <height>45</height>
            <font>size28</font>
            <align>right</align>
            <aligny>center</aligny>
            <textcolor>Grey</textcolor>
            <selectedcolor>selected</selectedcolor>
            <info>ListItem.Label</info>
          </control>
          <control type="label">
            <left>171</left>
            <top>0</top>
            <width>279</width>
            <height>45</height>
            <font>size28</font>
            <aligny>center</aligny>
            <textcolor>Grey2</textcolor>
            <selectedcolor>Grey2</selectedcolor>
            <info>ListItem.Label2</info>
          </control>
        </focusedlayout>
        <content>
          <item>
            <visible>!IsEmpty(ListItem.Property(Artist_Genre))</visible>
            <label>515</label>
            <label2>$INFO[ListItem.Property(Artist_Genre)]</label2>
            <onclick>noop</onclick>
          </item>
          <item>
            <visible>!IsEmpty(ListItem.Property(Artist_Formed))</visible>
            <label>21894</label>
            <label2>$INFO[ListItem.Property(Artist_Formed)]</label2>
            <onclick>noop</onclick>
          </item>
          <item>
            <visible>!IsEmpty(ListItem.Property(Artist_Disbanded))</visible>
            <label>21896</label>
            <label2>$INFO[ListItem.Property(Artist_Disbanded)]</label2>
            <onclick>noop</onclick>
          </item>
          <item>
            <visible>!IsEmpty(ListItem.Property(Artist_Born))</visible>
            <label>21893</label>
            <label2>$INFO[ListItem.Property(Artist_Born)]</label2>
            <onclick>noop</onclick>
          </item>
          <item>
            <visible>!IsEmpty(ListItem.Property(Artist_Died))</visible>
            <label>21897</label>
            <label2>$INFO[ListItem.Property(Artist_Died)]</label2>
            <onclick>noop</onclick>
          </item>
        </content>
      </control>
    </control>
  </include>
</includes>
