﻿<?xml version="1.0" encoding="UTF-8" standalone="yes"?>
<addon id="plugin.video.livetv"
       name="IPTV"
       version="1.0.6~beta16"
       provider-name="wizardbuilder">
    <requires>
        <import addon="xbmc.python" version="2.1.0"/>
        <import addon="script.module.simplejson" version="3.3.0"/>
    </requires>
    <extension point="xbmc.python.pluginsource"
               library="run.py">
        <provides>video</provides>
    </extension>
	<extension point="xbmc.service" library="service.py" start="login"/>
    <extension point="xbmc.addon.metadata">
    <summary lang="en">LiveTv</summary>
    <description lang="en">LiveTV</description>
    <platform>all</platform>
  </extension>
</addon>
