<?xml version="1.0" encoding="UTF-8"?>
<window type="dialog" id="1120">
  <defaultcontrol always="true">9000</defaultcontrol>
  <include>DialogOpenClose</include>
  <controls>
    <control type="group">
      <include>DialogOpenCloseVisible</include>
      <control type="image" description="List back">
        <centerleft>960</centerleft>
        <centertop>592</centertop>
        <width>800</width>
        <height>350</height>
        <aspectratio>stretch</aspectratio>
        <texture border="50">images/ContextMenu.png</texture>
      </control>
      <control type="grouplist" id="9000">
        <top>445</top>
        <centerleft>960</centerleft>
        <centertop>540</centertop>
        <width>745</width>
        <height>300</height>
        <aspectratio>stretch</aspectratio>
         <include>DialogGLs</include>
        <control type="button" id="699">
          <include>DialogButt</include>
          <label>$LOCALIZE[128] $LOCALIZE[5]</label>
          <onclick>Close</onclick>
          <onclick>ActivateWindow(Settings)</onclick>
        </control>
        <control type="button" id="700">
          <include>DialogButt</include>
          <label>20077</label>
          <onclick>Close</onclick>
          <onclick>ActivateWindow(SkinSettings)</onclick>
        </control>
		<control type="button" id="701">
          <include>DialogGLs</include>
          <label>Opslag toevoegen</label>
          <onclick>Close</onclick>
          <onclick>activatewindow(FileManager)</onclick>
      </control>
		<control type="button" id="702">
            <include>DialogGLs</include>
            <label>Handleiding</label>
            <onclick>Close</onclick>
           <onclick>RunAddon(plugin.video.wizardhandleiding,return))</onclick>
         </control>
		 </control>
    </control>
  </controls>
</window>
