<?xml version="1.0" encoding="UTF-8"?>
<window id="1160">
  <backgroundcolor>Background</backgroundcolor>
  <onload>RunScript(script.skinshortcuts,type=buildxml&amp;mainmenuID=9000&amp;group=[submenufilms]|[submenuseries]|[submenulivetv]|[submenukids]|[submenusport]|[submenuuitzendinggemist]|[submenufavorieten]|[submenumuziek]|[submenuyoutube]|[submenuxxx]|[submenuinstellingen]|[submenupower])</onload>
  <defaultcontrol always="true">52</defaultcontrol>
  <allowoverlay>no</allowoverlay>
  <include>OpenClose</include>
  <controls>
    <include>Background</include>
    <include>SettingsClock</include>
    <control type="group">
      <left>1020</left>
      <top>102</top>
      <control type="list" id="52">
        <width>902</width>
        <height>960</height>
        <onleft>noop</onleft>
        <onright>noop</onright>
        <onup>50</onup>
        <ondown>50</ondown>
        <pagecontrol>60</pagecontrol>
        <focusposition>0</focusposition>
        <movement>5</movement>
        <scrolltime tween="sine" easing="inout">280</scrolltime>
        <itemlayout width="802" height="81">
          <control type="image">
            <height>70</height>
            <width>840</width>
            <include>right_listpanel_unfocused</include>
          </control>
          <control type="label" description="Main Label">
            <include>52MainLabel</include>
            <label>$INFO[ListItem.Label]</label>
          </control>
          <control type="label" description="Label 2">
            <include>SettingsLabel2</include>
            <label>$INFO[ListItem.Label2]</label>
          </control>
          <control type="image" description="Icon">
            <animation condition="true" effect="fade" start="100" end="60" time="0">Conditional</animation>
            <left>775</left>
            <top>0</top>
            <height>81</height>
            <width>42</width>
            <aspectratio>keep</aspectratio>
            <texture>$INFO[ListItem.Icon]</texture>
          </control>
        </itemlayout>
        <focusedlayout width="802" height="81">
          <control type="group">
            <animation effect="zoom" time="120" start="100" end="105" center="auto" tween="Back" easing="Out">Focus</animation>
            <control type="image">
              <top>12</top>
              <left>-50</left>
              <height>70</height>
              <width>940</width>
              <include>right_listpanel_focused_shadow</include>
            </control>
            <control type="image">
              <height>70</height>
              <width>840</width>
              <include>right_listpanel_focused</include>
            </control>
            <control type="label" description="Main Label">
              <include>52MainLabelFO</include>
              <label>$INFO[ListItem.Label]</label>
            </control>
            <control type="label" description="Label 2">
              <include>SettingsLabel2</include>
              <label>$INFO[ListItem.Label2]</label>
            </control>
            <control type="image" description="Icon">
              <animation effect="fade" start="60" end="100" time="100" delay="200">Focus</animation>
              <left>775</left>
              <top>0</top>
              <height>81</height>
              <width>42</width>
              <aspectratio>keep</aspectratio>
              <texture>$INFO[ListItem.Icon]</texture>
            </control>
          </control>
        </focusedlayout>
        <content>
          <item id="0" description="Submenu">
            <label>$LOCALIZE[342]</label>
            <onclick>RunScript(script.skinshortcuts,type=manage&amp;group=submenufilms)</onclick>
          </item>
          <item id="3" description="Submenu">
            <label>$LOCALIZE[20343]</label>
            <onclick>RunScript(script.skinshortcuts,type=manage&amp;group=submenuseries)</onclick>
          </item>
          <item id="4" description="submenu">
            <label>LiveTV</label>
            <onclick>RunScript(script.skinshortcuts,type=manage&amp;group=submenulivetv)</onclick>
          </item>
          <item id="14" description="submenu">
            <label>$LOCALIZE[31034]</label>
            <onclick>RunScript(script.skinshortcuts,type=manage&amp;group=submenukids)</onclick>
          </item>
          <item id="5" description="submenu">
            <label>$LOCALIZE[1036]</label>
            <onclick>RunScript(script.skinshortcuts,type=manage&amp;group=submenufavorieten)</onclick>
          </item>
          <item id="8" description="submenu">
            <label>$LOCALIZE[31028]</label>
            <onclick>RunScript(script.skinshortcuts,type=manage&amp;group=submenusport)</onclick>
          </item>
          <item id="9" description="submenu">
            <label>$LOCALIZE[31033]</label>
            <onclick>RunScript(script.skinshortcuts,type=manage&amp;group=submenuuitzendinggemist)</onclick>
          </item>
          <item id="10" description="submenu">
            <label>$LOCALIZE[2]</label>
            <onclick>RunScript(script.skinshortcuts,type=manage&amp;group=submenumuziek)</onclick>
          </item>
          <item id="1" description="submenu">
            <label>Youtube</label>
            <onclick>RunScript(script.skinshortcuts,type=manage&amp;group=submenuyoutube)</onclick>
          </item>	
          <item id="6" description="submenu">
            <label>XXX</label>
            <onclick>RunScript(script.skinshortcuts,type=manage&amp;group=submenuxxx)</onclick>
          </item>
          <item id="12" description="submenu">
			<label>$LOCALIZE[5]</label>
            <onclick>RunScript(script.skinshortcuts,type=manage&amp;group=submenuinstellingen)</onclick>
          </item>		  
          <item id="15" description="submenu">
            <label>$LOCALIZE[351]</label>
            <onclick>RunScript(script.skinshortcuts,type=manage&amp;group=submenupower)</onclick>
          </item>
        </content>
      </control>
    </control>
    <!--control type="group" description="Left panel">
      <left>292</left>
      <control type="image" description="Logo">
        <visible>!Container(52).HasFocus(1)</visible>
        <animation effect="fade" time="100">VisibleChange</animation>
        <top>148</top>
        <width>384</width>
        <height>192</height>
        <aspectratio align="center" aligny="bottom">keep</aspectratio>
        <texture background="true">images/kodilogo3.png</texture>
      </control>
      <control type="image" description="Logo">
        <visible>Container(52).HasFocus(1)</visible>
        <animation effect="fade" time="100">VisibleChange</animation>
        <top>148</top>
        <width>384</width>
        <height>192</height>
        <aspectratio align="center" aligny="bottom">keep</aspectratio>
        <texture background="true">images/tvOSXlogo.png</texture>
      </control>
    </control>
    <control type="group" description="Items description">
      <left>165</left>
      <top>400</top>
      <control type="label" description="Appearance">
        <visible>Container(52).HasFocus(0)</visible>
        <width>660</width>
        <height>625</height>
        <font>size33</font>
        <wrapmultiline>true</wrapmultiline>
        <scroll>false</scroll>
        <aligny>top</aligny>
        <align>center</align>
		<textcolor>textcolor4</textcolor>
        <label>$LOCALIZE[33051] $LOCALIZE[166]. [CR][CR]$LOCALIZE[14090]. [CR][CR]$LOCALIZE[14081]. [CR][CR]$LOCALIZE[24008]</label>
      </control>
      <control type="label" description="Skin">
        <visible>Container(52).HasFocus(1)</visible>
        <width>660</width>
        <height>625</height>
        <font>size33</font>
        <wrapmultiline>true</wrapmultiline>
        <scroll>false</scroll>
        <aligny>top</aligny>
        <align>center</align>
		<textcolor>textcolor4</textcolor>
        <label>$LOCALIZE[20077]. [CR][CR]$LOCALIZE[33063]. [CR][CR]$LOCALIZE[111].</label>
      </control>
      <control type="label" description="Videos">
        <visible>Container(52).HasFocus(3)</visible>
        <width>660</width>
        <height>625</height>
        <font>size33</font>
        <wrapmultiline>true</wrapmultiline>
        <scroll>false</scroll>
        <aligny>top</aligny>
        <align>center</align>
		<textcolor>textcolor4</textcolor>
        <label>$LOCALIZE[14022]. [CR][CR]$LOCALIZE[14086]. [CR][CR]$LOCALIZE[14081]. [CR][CR]$LOCALIZE[24012]. [CR][CR]$LOCALIZE[14087]</label>
      </control>
      <control type="label" description="Music">
        <visible>Container(52).HasFocus(4)</visible>
        <width>660</width>
        <height>625</height>
        <font>size33</font>
        <wrapmultiline>true</wrapmultiline>
        <scroll>false</scroll>
        <aligny>top</aligny>
        <align>center</align>
		<textcolor>textcolor4</textcolor>
        <label>$LOCALIZE[14022]. [CR][CR]$LOCALIZE[14086]. [CR][CR]$LOCALIZE[14081]. [CR][CR]$LOCALIZE[15221]. [CR][CR]$LOCALIZE[620]. [CR][CR]$LOCALIZE[13327]</label>
      </control>
      <control type="label" description="Pictures">
        <visible>Container(52).HasFocus(5)</visible>
        <width>660</width>
        <height>625</height>
        <font>size33</font>
        <wrapmultiline>true</wrapmultiline>
        <scroll>false</scroll>
        <aligny>top</aligny>
        <align>center</align>
		<textcolor>textcolor4</textcolor>
        <label>$LOCALIZE[14081]. [CR][CR]$LOCALIZE[108].</label>
      </control>
      <control type="label" description="Add-Ons">
        <visible>Container(52).HasFocus(6)</visible>
        <width>660</width>
        <height>625</height>
        <font>size33</font>
        <wrapmultiline>true</wrapmultiline>
        <scroll>false</scroll>
        <aligny>top</aligny>
        <align>center</align>
		<textcolor>textcolor4</textcolor>
        <label>31037</label>
      </control>
      <control type="label" description="Weather">
        <visible>Container(52).HasFocus(8)</visible>
        <width>660</width>
        <height>625</height>
        <font>size33</font>
        <wrapmultiline>true</wrapmultiline>
        <scroll>false</scroll>
        <aligny>top</aligny>
        <align>center</align>
		<textcolor>textcolor4</textcolor>
        <label>$LOCALIZE[5].</label>
      </control>
      <control type="label" description="Services">
        <visible>Container(52).HasFocus(9)</visible>
        <width>660</width>
        <height>625</height>
        <font>size33</font>
        <wrapmultiline>true</wrapmultiline>
        <scroll>false</scroll>
        <aligny>top</aligny>
        <align>center</align>
		<textcolor>textcolor4</textcolor>
        <label>$LOCALIZE[128]. [CR][CR]$LOCALIZE[20110]. [CR][CR]$LOCALIZE[33101]. [CR][CR]$LOCALIZE[790]. [CR][CR]$LOCALIZE[1259]. [CR][CR]$LOCALIZE[1273]. [CR][CR]$LOCALIZE[1200].</label>
      </control>
      <control type="label" description="System">
        <visible>Container(52).HasFocus(10)</visible>
        <width>660</width>
        <height>625</height>
        <font>size33</font>
        <wrapmultiline>true</wrapmultiline>
        <scroll>false</scroll>
        <aligny>top</aligny>
        <align>center</align>
		<textcolor>textcolor4</textcolor>
        <label>$LOCALIZE[21373]. [CR][CR]$LOCALIZE[337]. [CR][CR]$LOCALIZE[14094]. [CR][CR]$LOCALIZE[798]. [CR][CR]$LOCALIZE[14095]. [CR][CR]$LOCALIZE[14092]. [CR][CR]$LOCALIZE[12360].</label>
      </control>
      <control type="label" description="Profiles">
        <visible>Container(52).HasFocus(11)</visible>
        <width>660</width>
        <height>625</height>
        <font>size33</font>
        <wrapmultiline>true</wrapmultiline>
        <scroll>false</scroll>
        <aligny>top</aligny>
        <align>center</align>
		<textcolor>textcolor4</textcolor>
        <label>$LOCALIZE[20096]. [CR][CR]$LOCALIZE[20100]. [CR][CR]$LOCALIZE[20115].</label>
      </control>
      <control type="label" description="File manager">
        <visible>Container(52).HasFocus(12)</visible>
        <width>660</width>
        <height>625</height>
        <font>size33</font>
        <wrapmultiline>true</wrapmultiline>
        <scroll>false</scroll>
        <aligny>top</aligny>
        <align>center</align>
		<textcolor>textcolor4</textcolor>
        <label>$LOCALIZE[115], $LOCALIZE[116], $LOCALIZE[117], $LOCALIZE[118] $LOCALIZE[744].</label>
      </control>
      <control type="label" description="System info">
        <visible>Container(52).HasFocus(13)</visible>
        <width>660</width>
        <height>625</height>
        <font>size33</font>
        <wrapmultiline>true</wrapmultiline>
        <scroll>false</scroll>
        <aligny>top</aligny>
        <align>center</align>
		<textcolor>textcolor4</textcolor>
        <label>$LOCALIZE[20037]. [CR][CR]$LOCALIZE[154]. [CR][CR]$LOCALIZE[705]. [CR][CR]$LOCALIZE[1212]. [CR][CR]$LOCALIZE[13281].</label>
      </control>
      <control type="label" description="LiveTV">
        <visible>Container(52).HasFocus(14)</visible>
        <width>660</width>
        <height>625</height>
        <font>size33</font>
        <wrapmultiline>true</wrapmultiline>
        <scroll>false</scroll>
        <aligny>top</aligny>
        <align>center</align>
		<textcolor>textcolor4</textcolor>
        <label>$LOCALIZE[128]. [CR][CR]$LOCALIZE[19181]. [CR][CR]$LOCALIZE[19222]. [CR][CR]$LOCALIZE[14086]. [CR][CR]$LOCALIZE[20007]. [CR][CR]$LOCALIZE[14095]. [CR][CR]$LOCALIZE[19259]. [CR][CR]$LOCALIZE[19279].</label>
      </control>
    </control>
  </controls>
</window>
