<?xml version="1.0" encoding="UTF-8"?>
<includes>
	<include name="NormalHome">
	<include>OpenClose</include>
		
        <control type="group" description="Furniture">
            <animation condition="![Container(9000).Row(0) | Container(9000).Row(1)]" effect="slide" start="0,0" end="0,-295" time="220">Conditonal</animation>
            <control type="image" description="Stage">
                <width>1920</width>
                <height>2080</height>
                <visible>Window.IsActive(Home.xml) + !Player.HasVideo</visible>
                <aspectratio>stretch</aspectratio>
                <texture>BackgroundX9.png</texture>
				<orientation>vertical</orientation>            	
			</control>
			</control>
			<control type="image">
				<left>0</left>
				<top>1046</top>
                <width>35</width>
                <height>35</height>
                <texture colordiffuse="x9">x9-35x35.png</texture>
                <aspectratio>keep</aspectratio>
			</control>
			<control type="radiobutton" id="30">
				<left>-25</left>
				<top>1049</top>
                <width>35</width>
                <height>35</height>
                <onclick>Skin.ToggleSetting(hidesettings)</onclick>
			<aspectratio>keep</aspectratio>
			</control>
            <control type="button" id="9000">
            <visible>Control.HasFocus(601)</visible>
            <left>0</left>
            <top>15</top>
            <width>34</width>
            <height>34</height>
            <texturefocus aspectratio="keep">images/hometoggle.png</texturefocus>
            </control>
            <control type="videowindow">
				<width>auto</width>
				<height>auto</height>
				<visible>Window.IsActive(Home.xml) + Player.HasVideo</visible>
				<aspectratio>scale</aspectratio>
                </control>
			<control type="panel" id="9000" description="ICONE">
			<animation condition="Container(9000).Row(2) +!Container(9000).Row(0) | Container(9000).HasPrevious()" effect="slide" start="0,0" end="0,-295" time="220">Conditonal</animation>
			<centerleft>960</centerleft>
            <top>500</top>
            <width>1920</width>
            <height>1080</height>
            <onleft>9000</onleft>
            <onright>9000</onright>
            <onup>9010</onup>
            <ondown>9010</ondown>
            <orientation>vertical</orientation>
            <scrolltime tween="sine" easing="inout">280</scrolltime>
            <itemlayout height="250" width="310">
                <control type="image" description="shade_base">
                    <centerleft>180</centerleft>
                    <width>340</width>
                    <height>220</height>
                    <texture>icons/iconbase.png</texture>
   			    </control>
                <control type="image" description="color base">
                    <centerleft>180</centerleft>
                    <top>27</top>
                    <width>340</width>
                    <height>220</height>
                    <texture diffuse="icons/diffusehomeicon.png">$INFO[ListItem.Property(color)]</texture>
                </control>
                <control type="image" description="THMBSICONS">
                    <visible>!IsEmpty(Listitem.thumb)</visible>
                    <centerleft>180</centerleft>
                    <top>27</top>
                    <width>287</width>
                    <height>179</height>
                    <texture diffuse="icons/diffusehomeicon.png">$INFO[ListItem.thumb]</texture>
                </control>
				<control type="image" description="THMBSICONS">
                    <visible>!IsEmpty(Listitem.thumb)</visible>
                    <centerleft>180</centerleft>
                    <top>27</top>
                    <width>287</width>
                    <height>179</height>
                    <texture diffuse="icons/diffusehomeicon.png">$INFO[ListItem.thumb]</texture>
                </control>
            </itemlayout>
            <focusedlayout height="285" width="330">
                <control type="group">
                    <animation effect="zoom" start="100" end="110" time="120" center="auto" tween="Back" easing="Out">Focus</animation>
                    <animation effect="zoom" start="110" end="100" time="120" center="auto">unFocus</animation>
                    <control type="image" description="shade_base">
                        <centerleft>180</centerleft>
                        <width>320</width>
                        <height>250</height>
                        <texture>icons/iconbase.png</texture>		
                    </control>
                    <control type="image" description="color base">
                        <centerleft>180</centerleft>
                        <top>27</top>
                        <width>287</width>
                        <height>179</height>
                        <texture diffuse="icons/diffusehomeicon.png">$INFO[ListItem.Property(color)]</texture>
                    </control>
					<control type="image" description="submenu up arrow">
                        <centerleft>180</centerleft>
                        <top>100</top>
                        <width>30</width>
                        <height>30</height>
						<animation condition="[Container(9000).HasFocus(601)] | [Container(9000).HasFocus(602)] | [Container(9000).HasFocus(603)] | [Container(9000).HasFocus(607)]| [Container(9000).HasFocus(608)] | [Container(9000).HasFocus(605)]" effect="slide" start="0,0" end="0,-120" time="2000" loop="true">Conditonal</animation>
                        <texture flipy="true" colordiffuse="white">arrowdown.png</texture>
                    </control>
					<control type="image" description="submenu down arrow">
                        <centerleft>180</centerleft>
                        <top>100</top>
                        <width>30</width>
                        <height>30</height>
						<animation condition="[Container(9000).HasFocus(606)] | [Container(9000).HasFocus(604)] | [Container(9000).HasFocus(352)] | [Container(9000).HasFocus(611)]| [Container(9000).HasFocus(348)] | [Container(9000).HasFocus(349)]" effect="slide" start="0,0" end="0,150" time="2000" loop="true">Conditonal</animation>
						<texture colordiffuse="white">arrowdown.png</texture>
                    </control>
                    <control type="image" description="THMBSICONS">
                        <visible>!IsEmpty(Listitem.thumb)</visible>
                        <centerleft>180</centerleft>
                        <top>27</top>
                        <width>287</width>
                        <height>179</height>
                        <texture diffuse="icons/diffusehomeicon.png">$INFO[ListItem.thumb]</texture>
                    </control>
                    <control type="image" description="THMBSICONS">
                        <visible>IsEmpty(Listitem.thumb)</visible>
                        <centerleft>180</centerleft>
                        <top>27</top>
                        <width>287</width>
                        <height>179</height>
                        <texture diffuse="icons/diffusehomeicon.png">$INFO[ListItem.label2]</texture>
                    </control>
                </control>
                <control type="label" description="label">
                    <animation effect="fade" start="0" end="100" time="150" delay="50">Focus</animation>
                    <animation effect="fade" start="100" end="0" time="100">unFocus</animation>
                    <centerleft>180</centerleft>
                    <top>234</top>
                    <width>368</width>
                    <height>24</height>
                    <font>size27B</font>
                    <align>center</align>
                    <textcolor>white</textcolor>
                    <label>[B]$INFO[ListItem.label][/B]</label>
                </control>
            </focusedlayout>
            <content>
                <item id="601" description="Custom Fvourite">
		    <visible>!Skin.HasSetting(hidehomefav1)</visible>
                    <thumb>icons\icon_film.png</thumb>
                    <label>$LOCALIZE[342]</label>
                    <onclick>ActivateWindow(10025,&quot;plugin://plugin.video.covenant/?action=movieNavigator&quot;,return)</onclick>
                </item>
                <item id="602" description="Custom Fvourite">
		    <visible>!Skin.HasSetting(hidehomefav2)</visible>
                    <thumb>icons\icon_serie.png</thumb>
                    <label>$LOCALIZE[20343]</label>
                    <onclick>ActivateWindow(10025,&quot;plugin://plugin.video.covenant/?action=tvNavigator&quot;,return)</onclick>
                </item>
                <item id="603" description="Custom Fvourite">
		    <visible>!Skin.HasSetting(hidehomefav3)</visible>
                    <thumb>icons/icon_tv.png</thumb>
                    <label>LiveTV</label>
                    <onclick>RunAddon(plugin.video.livetv,return))</onclick>
                </item>
                <item id="607" description="Custom Fvourite">
		    <visible>!Skin.HasSetting(hidehomefav7)</visible>
                    <thumb>icons/icon_kidszone.png</thumb>
                    <label>Kids</label>
                    <onclick>RunAddon(plugin.video.disneyjunior,return))</onclick>
				</item>
                <item id="608" description="Custom Fvourite">
                    <visible>!Skin.HasSetting(hidefav)</visible>
                    <thumb>icons/favs.png</thumb>
                    <label>$LOCALIZE[1036]</label>
                    <onclick>ActivateWindow(134)</onclick>				
                </item>
                <item id="605" description="Custom Fvourite">
		    <visible>!Skin.HasSetting(hidehomefav5)</visible>
                    <thumb>icons/icon_sport.png</thumb>
                    <label>Sport</label>
                    <onclick>RunAddon(plugin.video.SportsDevil))</onclick>
                </item>
                <item id="606" description="Custom Fvourite">
		    <visible>!Skin.HasSetting(hidehomefav6)</visible>
                    <thumb>icons/icon_uitzendinggemist.png</thumb>
                    <label>Uitzendinggemist</label>
                    <onclick>ActivateWindow(10025,&quot;plugin://net.rieter.xot/?action=listcategory&amp;category=National&quot;,return)</onclick>
		</item>	
		    <item id="604" description="Custom Fvourite">
		    <visible>!Skin.HasSetting(hidehomefav4)</visible>
                    <thumb>icons/icon_muziek.png</thumb>
                    <label>$LOCALIZE[2]</label>
                    <onclick>ActivateWindow(10025,&quot;plugin://plugin.audio.radio_de/&quot;,return)</onclick>
                </item>
		<item id="611" description="Custom Fvourite">
		<visible>!Skin.HasSetting(hidehomefav11)</visible>
                    <thumb>icons/voor haar.png</thumb>
                    <label>Youtube</label>
                    <onclick>ActivateWindow(10025,&quot;plugin://plugin.video.youtube&quot;,return)</onclick>
                </item>
		<item id="352">
					<visible>Skin.HasSetting(hidehomefav8)</visible>
                    <thumb>icons/icon_xxx.png</thumb>
                    <label>XXX</label>
                    <onclick>RunAddon(plugin.video.uwc,return))</onclick>
                </item>
		<item id="348">
                    <thumb>icons/instellingen.png</thumb>
                    <label>$LOCALIZE[5]</label>
                    <onclick>ActivateWindow(1120)</onclick>
                </item>
                <item id="350">
                    <visible>Player.HasMedia</visible>
                    <thumb>icons/Ga terug.png</thumb>
                    <label>Ga terug</label>
                    <onclick condition="Player.HasMedia">Fullscreen</onclick>
                </item>
                <item id="349">
                    <thumb>icons/Zet uit.png</thumb>
                    <label>351</label>
                    <onclick>ActivateWindow(1121)</onclick>
                </item>
            </content>
                </control>
                    <control type="image">
					<left>0</left>
					<top>1045</top>
					<width>2000</width>
					<height>85</height>
					<texture flipy="true">frame/InfoBar.png</texture>
				</control>
                <control type="rss">
					<top>1046</top>
					<height>85</height>
					<width>1920</width>
                    <left>35</left>
					<font>size10</font>
					<urlset>1</urlset>
					<titlecolor>button_focus</titlecolor>
					<shadowcolor>text_shadow</shadowcolor>
					<headlinecolor>FFC0C0C0</headlinecolor>
					<textcolor>white</textcolor>
					<visible>!Player.hasMedia</visible>
                </control>

        
        

        

	 <include>submenu-graphics</include>
	 


	 
            <control type="group">
				<animation effect="slide" end="0,-90" time="300" tween="sine" easing="inout" condition="$EXP[infodialog_active]">conditional</animation>
				<depth>DepthBars</depth>
				<animation effect="fade" start="0" end="100" time="300" condition="[Window.Previous(fullscreenvideo) | Window.Previous(startup)] + !Window.IsVisible(1109)">WindowOpen</animation>
				<control type="image">
					<left>0</left>
					<top>0</top>
					<width>2000</width>
					<height>45</height>
					<texture>frame/InfoBar.png</texture>
					<animation effect="fade" start="100" end="0" time="300" condition="Window.Next(screencalibration)">WindowClose</animation>
				</control>
				<control type="fixedlist" id="9010">
						<visible>[Container(9000).HasFocus(601)]</visible>
						<include>submenu-position</include>
						<content>
							<include>skinshortcuts-group-submenufilms</include>
						</content>
				</control>
				<control type="fixedlist" id="9010">
						<visible>[Container(9000).HasFocus(602)]</visible>
						<include>submenu-position</include>
						<content>
							<include>skinshortcuts-group-submenuseries</include>
						</content>
			</control>
			<control type="fixedlist" id="9010">
						<visible>[Container(9000).HasFocus(603)]</visible>
						<include>submenu-position</include>
						<content>
							<include>skinshortcuts-group-submenulivetv</include>
						</content>
			</control>
			<control type="fixedlist" id="9010">
						<visible>[Container(9000).HasFocus(604)]</visible>
						<include>submenu-position</include>
						<content>
							<include>skinshortcuts-group-submenumuziek</include>
						</content>
			</control>
			<control type="fixedlist" id="9010">
						<visible>[Container(9000).HasFocus(605)]</visible>
						<include>submenu-position</include>
						<content>
							<include>skinshortcuts-group-submenusport</include>
						</content>
			</control>
			<control type="fixedlist" id="9010">
						<visible>[Container(9000).HasFocus(606)]</visible>
						<include>submenu-position</include>
						<content>
							<include>skinshortcuts-group-submenuuitzendinggemist</include>
						</content>
			</control>
			<control type="fixedlist" id="9010">
						<visible>[Container(9000).HasFocus(607)]</visible>
						<include>submenu-position</include>
						<content>
							<include>skinshortcuts-group-submenukids</include>
						</content>
			</control>
			<control type="fixedlist" id="9010">
						<visible>[Container(9000).HasFocus(608)]</visible>
						<include>submenu-position</include>
						<content>
							<include>skinshortcuts-group-submenufavorieten</include>
						</content>
			</control>
			<control type="fixedlist" id="9010">
						<visible>[Container(9000).HasFocus(611)]</visible>
						<include>submenu-position</include>
						<content>
							<include>skinshortcuts-group-submenuyoutube</include>
						</content>
			</control>
			<control type="fixedlist" id="9010">
						<visible>[Container(9000).HasFocus(352)]</visible>
						<include>submenu-position</include>
						<content>
							<include>skinshortcuts-group-submenuxxx</include>
						</content>
			</control>
			<control type="fixedlist" id="9010">
						<visible>[Container(9000).HasFocus(348)]</visible>
						<include>submenu-position</include>
						<content>
							<include>skinshortcuts-group-submenuinstellingen</include>
						</content>
			</control>
			<control type="fixedlist" id="9010">
						<visible>[Container(9000).HasFocus(349)]</visible>
						<include>submenu-position</include>
						<content>
							<include>skinshortcuts-group-submenupower</include>
						</content>
			</control>
            <control type="label" description="Clock">
                <visible>!Skin.HasSetting(HideClock)</visible>
				<width>auto</width>
				<align>right</align>
                <height>45</height>
                <font>size33</font>
                <label>$INFO[System.Time] $INFO[System.Date]</label>
            </control>
	 <include>FAV01</include>
	 <include>FAV02</include>
	 <include>FAV03</include>
	 <include>FAV04</include>
	 <include>FAV05</include>
	 <include>FAV06</include>
	 <include>FAV07</include>
	 <include>FAV08</include>
	 <include>FAV10</include>
	 <include>FAV11</include>
	 <include>MEDLOC</include>
	 <include>favourites</include>
	 <include>DOORGAAN</include>
	 <include>SETBACK</include>
	 
	 				<onclick>ActivateWindow(1101)</onclick>

	 <include>EXITBACK</include>
         </control>   
   </include>
 </includes>
