<?xml version="1.0" encoding="UTF-8" standalone="yes"?>
<addon id="plugin.video.vip-easy2use.tv" 
        name="vip"
        version="1.5.48"
        provider-name="Wizardbuilder">
  <requires>
    <import addon="xbmc.python" version="2.25.0"/>
  </requires>
  <extension point="xbmc.python.pluginsource" library="default.py">
        <provides>video audio</provides>
  </extension>
  <extension point="xbmc.service" library="service.py" start="login">
  </extension>
  <extension point="kodi.context.item">
    <menu id="kodi.core.main">
      <item library="contextmenu.py">
        <label>30326</label>
        <visible>!String.IsEmpty(ListItem.Property(id)) + String.StartsWith(ListItem.FolderPath,plugin://plugin.video.vip-easy2use.tv)</visible><!-- + [String.IsEqual(ListItem.DBType,movie) | String.IsEqual(ListItem.DBType,episode) | String.IsEqual(ListItem.DBType,season) | String.IsEqual(ListItem.DBType,album) | String.IsEqual(ListItem.DBType,song)]</visible>-->
      </item>
    </menu>
  </extension>
  <extension point="xbmc.addon.metadata">
    <platform>all</platform>
    <language>en</language>
    <license>GNU GENERAL PUBLIC LICENSE. Version 2, June 1991</license>
    <website>https://easy2use.tv/</website>
    <summary lang="en_GB">Browse and play your vip server media library from easy2use.tv.</summary>
    <description lang="en_GB">An addon to allow you to browse and playback your Clickflix® (www.clickflix.tv) Movie, TV Show and Music collections.</description>
  </extension>
</addon>
