<?xml version="1.0" encoding="UTF-8"?>
<window type="dialog" id="1120">
  <defaultcontrol always="true">9000</defaultcontrol>
  <include>DialogOpenClose</include>
  <controls>
    <control type="group">
      <include>DialogOpenCloseVisible</include>
      <control type="image" description="List back">
        <centerleft>960</centerleft>
        <centertop>650</centertop>
        <width>800</width>
        <height>400</height>
        <aspectratio>stretch</aspectratio>
        <texture border="50">images/ContextMenu.png</texture>
      </control>
      <control type="grouplist" id="9000">
        <top>490</top>
        <centerleft>960</centerleft>
        <centertop>540</centertop>
        <width>745</width>
        <height>300</height>
        <aspectratio>stretch</aspectratio>
         <include>DialogGLs</include>
		 <control type="button" id="699">
          <include>DialogButt</include>
          <label>$LOCALIZE[128] $LOCALIZE[5]</label>
          <onclick>Close</onclick>
          <onclick>ActivateWindow(Settings)</onclick>
        </control>
        <control type="button" id="700">
          <include>DialogButt</include>
          <label>20077</label>
          <onclick>Close</onclick>
          <onclick>ActivateWindow(SkinSettings)</onclick>
        </control>
		<control type="button" id="701">
          <include>DialogGLs</include>
          <label>Opslag toevoegen</label>
          <onclick>Close</onclick>
          <onclick>activatewindow(FileManager)</onclick>
      </control>
	  		<control type="button" id="702">
          <include>DialogGLs</include>
          <label>WIFI instellingen</label>
          <onclick>Close</onclick>
          <onclick>RunAddon(service.libreelec.settings)</onclick>
		  </control>
		  <control type="button" id="703">
          <include>DialogGLs</include>
          <label>Reset basis instellingen</label>
          <onclick>Close</onclick>
          <onclick>PlayMedia(&quot;plugin://plugin.program.wizard/?url=url&amp;mode=6&amp;name=FRESH+START&amp;iconimage=&amp;fanart=&amp;description=&quot;)</onclick>
      </control>
		</control>
    </control>
  </controls>
</window>
