<?xml version="1.0" encoding="UTF-8"?>
<window type="dialog" id="1108">
  <defaultcontrol always="true">9000</defaultcontrol>
  <include>DialogOpenClose</include>
  <controls>
    <control type="group" description="choiceAddons">
      <include>DialogOpenCloseVisible</include>
      <control type="image" description="List back">
        <centerleft>960</centerleft>
        <centertop>540</centertop>
        <width>1920</width>
        <height>1080</height>
        <aspectratio>stretch</aspectratio>
        <texture border="50">images/ContextMenu.png</texture>
      </control>
	          <control type="button" id="703">
          <include>DialogButt</include>
          <label>[COLOR red]Let op: Dit zijn "externe addons" door gebruikers worden aangeraden, wij hebben geen invloed op de werking van deze addons.[/COLOR]</label>
          <onclick>Close</onclick>
          <onclick>ActivateWindow(Programs,Addons)</onclick>
        </control>
      <control type="grouplist" id="9000">
        <top>345</top>
        <height>1080</height>
        <include>DialogGLs</include>
        <control type="button" id="699">
          <include>DialogButt</include>
          <label>Exodus</label>
          <onclick>Close</onclick>
          <onclick>ActivateWindow(10025,&quot;plugin://plugin.video.exodus/&quot;,return)</onclick>
        </control>
		<control type="button" id="700">
          <include>DialogButt</include>
          <label>Exodus Redux</label>
          <onclick>Close</onclick>
          <onclick>ActivateWindow(10025,&quot;plugin://plugin.video.exodusredux/&quot;,return)</onclick>
        </control>
        <control type="button" id="702">
          <include>DialogButt</include>
          <label>Magic Dragon</label>
          <onclick>Close</onclick>
          <onclick>ActivateWindow(10025,&quot;plugin://plugin.video.themagicdragon/&quot;,return)</onclick>
        </control>
      </control>
    </control>
  </controls>
</window>
