<?xml version="1.0" encoding="UTF-8"?>
<window>
	<!-- pointer -->
	<defaultcontrol>-</defaultcontrol>

	<controls>

		<!-- Pointer -->
		<control type="image" id="1">
			<width>40</width>
			<height>40</height>
			<texture>mouse.png</texture>
			<visible>!Skin.HasSetting(HideMouse)</visible>
		</control>

		<!-- Pointer focus -->
		<control type="image" id="2">
			<width>40</width>
			<height>40</height>
			<texture>mouse.png</texture>
			<visible>!Skin.HasSetting(HideMouse)</visible>
		</control>

		<!-- Pointer drag -->
		<control type="image" id="3">
			<width>40</width>
			<height>40</height>
			<texture>mouse.png</texture>
			<visible>!Skin.HasSetting(HideMouse)</visible>
		</control>

		<!-- Pointer click -->
		<control type="image" id="4">
			<width>40</width>
			<height>40</height>
			<texture>mouse.png</texture>
			<visible>!Skin.HasSetting(HideMouse)</visible>
		</control>

	</controls>

</window>