<?xml version="1.0" encoding="UTF-8"?>
<addon id="skin.wizardbuilder" version="3.1.4" name="wizardbuilder" provider-name="wizardbuilder">
    <requires>
        <import addon="xbmc.gui" version="5.12.0"/>
        <import addon="script.skinshortcuts" version="0.4.0"/>
        <import addon="service.library.data.provider" version="0.1.0"/>
        <import addon="script.extendedinfo" version="3.0.0"/>
        <import addon="script.globalsearch" version="5.0.0"/>
        <import addon="script.image.resource.select" version="0.0.5"/>
        <import addon="script.toolbox" version="1.0.0"/>
        <import addon="plugin.program.autocompletion" version="1.0.1"/>
        <import addon="resource.images.weathericons.white" version="0.0.6"/>	
    </requires>
    <extension
            point="xbmc.gui.skin"
            defaultthemename="Textures.xbt"
            debugging="false">
        <res width="1920" height="1080" aspect="16:9" default="true" folder="1080i" />
    </extension>
    <extension point="xbmc.addon.metadata">
        <summary></summary>
        <description>skin wizardbuilder</description>
		<disclaimer></disclaimer>
        <platform>all</platform>
        <licence></licence>
        <forum></forum>
        <source></source>
        <email></email>
    </extension>
</addon>
