<?xml version="1.0" encoding="UTF-8"?>
<window type="dialog" id="1121">
    <defaultcontrol always="true">9000</defaultcontrol>
    <include>DialogOpenClose</include>
  <controls>
    <control type="group">
      <include>DialogOpenCloseVisible</include>
      <control type="image" description="List back">
        <centerleft>960</centerleft>
        <centertop>540</centertop>
        <width>802</width>
        <height>240</height>
        <aspectratio>stretch</aspectratio>
        <texture border="50">images/ContextMenu.png</texture>
      </control>
            <control type="grouplist" id="9000">
				<top>465</top>
				<centerleft>960</centerleft>
				<centertop>540</centertop>
				<width>745</width>
				<aspectratio>stretch</aspectratio>
				 <include>DialogGLs</include>
				<control type="button" id="714" description="Shutdown">
                        <include>DialogButt</include>
                        <visable>System.CanPowerdown</visable>
                        <label>13005</label>
                        <onclick>Quit()</onclick>
                        <onclick>Close</onclick>
                    </control>
                    <control type="button" id="715" description="Reboot">
                        <include>DialogButt</include>
                        <visable>System.CanReboot</visable>
                        <label>$LOCALIZE[13013]</label>
                        <onclick>Reset()</onclick>
                        <onclick>Close</onclick>
					    <control type="button" id="716" description="Suspend">
                        <include>DialogButt</include>
                        <visable>System.CanSuspend</visable>
                        <label>$LOCALIZE[13011]</label>
                        <onclick>Suspend()</onclick>
                        <onclick>Close</onclick>
                    </control>
        </control>
        </control>
        </control>
    </controls>
</window>
