<?xml version="1.0" encoding="UTF-8"?>
<window>
    <defaultcontrol>-</defaultcontrol>

    <controls>
        <control type="group">
            <include>Animation_FadeIn</include>
            <include>Animation_FadeOut</include>
            <left>150</left>
            <top>75</top>
            <width>1620</width>
            <height>360</height>

            <!-- Background -->
            <control type="image">
                <texture colordiffuse="df000000">common/white.png</texture>
            </control>

            <control type="grouplist">
                <left>52</left>
                <top>20</top>
                <visible>VideoPlayer.Content(livetv)</visible>
                <control type="label">
                    <width>1200</width>
                    <height>50</height>
                    <aligny>bottom</aligny>
                    <label>$INFO[PVR.ActStreamServiceName,[COLOR Selected]$LOCALIZE[19099]:[/COLOR] ]</label>
                    <font>Small</font>
                    <textcolor>PanelWhite70</textcolor>

                </control>
                <control type="label">
                    <width>1200</width>
                    <height>50</height>
                    <aligny>bottom</aligny>
                    <label>$INFO[PVR.ActStreamProviderName,[COLOR Selected]$LOCALIZE[19101]:[/COLOR] ]</label>
                    <font>Small</font>
                    <textcolor>PanelWhite70</textcolor>

                </control>
                <control type="label">
                    <width>1200</width>
                    <height>50</height>
                    <aligny>bottom</aligny>
                    <label>$INFO[PVR.ActStreamClient,[COLOR Selected]$LOCALIZE[19012]:[/COLOR] ]</label>
                    <font>Small</font>
                    <textcolor>PanelWhite70</textcolor>

                </control>
                <control type="label">
                    <width>1200</width>
                    <height>50</height>
                    <aligny>bottom</aligny>
                    <label>$INFO[PVR.ActStreamDevice,[COLOR Selected]$LOCALIZE[19006]:[/COLOR] ]</label>
                    <font>Small</font>
                    <textcolor>PanelWhite70</textcolor>

                </control>
                <control type="label">
                    <width>1200</width>
                    <height>50</height>
                    <aligny>bottom</aligny>
                    <label>$INFO[PVR.ActStreamStatus,[COLOR Selected]$LOCALIZE[19007]:[/COLOR] ]</label>
                    <font>Small</font>
                    <textcolor>PanelWhite70</textcolor>

                </control>
                <control type="label">
                    <width>1200</width>
                    <height>50</height>
                    <aligny>bottom</aligny>
                    <label>$INFO[PVR.ActStreamEncryptionName,[COLOR Selected]$LOCALIZE[19015]:[/COLOR] ]</label>
                    <font>Small</font>
                    <textcolor>PanelWhite70</textcolor>

                </control>
            </control>
            <control type="grouplist">
                <left>1250</left>
                <top>20</top>
                <visible>VideoPlayer.Content(livetv)</visible>
                <usecontrolcoords>true</usecontrolcoords>
                <control type="label">
                    <width>600</width>
                    <height>50</height>
                    <aligny>bottom</aligny>
                    <label>$INFO[PVR.ActStreamBer,[COLOR Selected]$LOCALIZE[19010]:[/COLOR] ]</label>
                    <font>Small</font>
                    <textcolor>PanelWhite70</textcolor>

                </control>
                <control type="label">
                    <width>600</width>
                    <height>50</height>
                    <aligny>bottom</aligny>
                    <label>$INFO[PVR.ActStreamUnc,[COLOR Selected]$LOCALIZE[19011]:[/COLOR] ]</label>
                    <font>Small</font>
                    <textcolor>PanelWhite70</textcolor>

                </control>
                <control type="label">
                    <width>600</width>
                    <height>50</height>
                    <aligny>bottom</aligny>
                    <label>$INFO[PVR.ActStreamMux,[COLOR Selected]$LOCALIZE[19100]:[/COLOR] ]</label>
                    <font>Small</font>
                    <textcolor>PanelWhite70</textcolor>

                </control>
                <control type="label">
                    <width>600</width>
                    <height>50</height>
                    <aligny>bottom</aligny>
                    <label>$INFO[PVR.ActStreamSignal,[COLOR Selected]$LOCALIZE[19008]:[/COLOR] ]</label>
                    <font>Small</font>
                    <textcolor>PanelWhite70</textcolor>

                </control>
                <control type="progress">
                    <top>5</top>
                    <width>600</width>
                    <height>18</height>
                    <info>PVR.ActStreamProgrSignal</info>
                </control>
                <control type="label">
                    <top>5</top>
                    <width>1600</width>
                    <height>50</height>
                    <aligny>bottom</aligny>
                    <label>$INFO[PVR.ActStreamSNR,[COLOR Selected]$LOCALIZE[19009]:[/COLOR] ]</label>
                    <font>Small</font>
                    <textcolor>PanelWhite70</textcolor>

                </control>
                <control type="progress">
                    <top>0</top>
                    <width>600</width>
                    <height>18</height>
                    <info>PVR.ActStreamProgrSNR</info>
                </control>
            </control>
            <control type="grouplist">
                <left>52</left>
                <top>20</top>
                <visible>!VideoPlayer.Content(livetv)</visible>
                <control type="label">
                    <width>1600</width>
                    <height>40</height>
                    <aligny>bottom</aligny>
                    <label>[COLOR Selected]Videodecoder:[/COLOR] $INFO[Player.Process(videodecoder),[COLOR Selected]$LOCALIZE[31279]:[/COLOR] ]$VAR[VideoHWDecoder, ,)]</label>
                    <font>Small</font>
                    <textcolor>PanelWhite70</textcolor>

                    <visible>Player.HasVideo</visible>
                </control>
                <control type="label">
                    <width>1600</width>
                    <height>40</height>
                    <aligny>bottom</aligny>
                    <label>$INFO[Player.Process(pixformat),[COLOR Selected]Pixelformat:[/COLOR] ]</label>
                    <font>Small</font>
                    <textcolor>PanelWhite70</textcolor>

                    <visible>Player.HasVideo</visible>
                </control>
                <control type="label">
                    <width>1600</width>
                    <height>40</height>
                    <aligny>bottom</aligny>
                    <label>$INFO[Player.Process(deintmethod),[COLOR Selected]$LOCALIZE[16038]:[/COLOR] ]</label>
                    <font>Small</font>
                    <textcolor>PanelWhite70</textcolor>

                    <visible>Player.HasVideo</visible>
                </control>
				
                <control type="label">
                    <width>1600</width>
                    <height>40</height>
                    <aligny>bottom</aligny>
                    <label>[COLOR Selected]$LOCALIZE[38031]:[/COLOR] $INFO[Player.Process(videowidth)]px, $INFO[Player.Process(videoheight)]px, $INFO[Player.Process(videodar)] AR,  $INFO[VideoPlayer.VideoCodec],  $INFO[Player.Process(VideoFPS)] FPS</label>
                    <font>Small</font>
                    <textcolor>PanelWhite70</textcolor>

                    <visible>Player.HasVideo</visible>
                </control>
                <control type="label">
                    <width>1600</width>
                    <height>40</height>
                    <aligny>bottom</aligny>
                    <label>[COLOR Selected]$LOCALIZE[460]:[/COLOR] $INFO[Player.Process(audiochannels),,$COMMA ]$INFO[Player.Process(audiodecoder)]$INFO[Player.Process(audiobitspersample),$COMMA , bits]$INFO[Player.Process(audiosamplerate),$COMMA , Hz]</label>
                    <font>Small</font>
                    <textcolor>PanelWhite70</textcolor>

                </control>
                <control type="label">
                    <width>1600</width>
                    <height>40</height>
                    <aligny>bottom</aligny>
                    <label>[COLOR Selected]RAM:[/COLOR] $INFO[System.Memory(used.percent)]    [COLOR Selected]CPU-Auslastung:[/COLOR] $INFO[System.CpuUsage]     [COLOR Selected]CPU-Speed:[/COLOR] $INFO[System.CpuFrequency]   [COLOR Selected]Anzeige:[/COLOR] $INFO[System.FPS] FPS</label>
                    <font>Small</font>
                    <textcolor>PanelWhite70</textcolor>

                </control>
				
				 <control type="label">
                    <width>1600</width>
                    <height>40</height>
                    <aligny>bottom</aligny>
                    <label>[COLOR Selected]System-Uptime:[/COLOR] $INFO[System.Uptime]</label>
                    <font>Small</font>
                    <textcolor>PanelWhite70</textcolor>

                </control>
				
            </control>

        </control>

    </controls>

</window>