<?xml version="1.0" encoding="utf-8"?>
<window>
    <allowoverlay>no</allowoverlay>
    <defaultcontrol always="true">9000</defaultcontrol>
    <onload>RunScript(script.favourites)</onload>
	<onload>RunScript(script.skinshortcuts,type=buildxml&amp;mainmenuID=9000&amp;group=[submenufilms]|[submenuseries]|[submenulivetv]|[submenukids]|[submenusport]|[submenuuitzendinggemist]|[submenufavorieten]|[submenumuziek]|[submenuyoutube]|[submenuxxx]|[submenuinstellingen]|[submenupower])</onload>
    <onload>SetProperty(SkinWidgets_RandomItems_Update,true)</onload>
	<controls>
		<!-- Normal Home Menu-->
		<include condition="!Skin.HasSetting(EnableTouchSupport)" file="Home_normal.xml">NormalHome</include>
		<!-- Touch screen menu-->
		<include condition="Skin.HasSetting(EnableTouchSupport)" file="Home_touch.xml">NormalTouch</include>
	</controls>
</window>