<?xml version="1.0" encoding="UTF-8"?>
<!-- Foundation -->
<window id="2600">
    <defaultcontrol always="true">9100</defaultcontrol>
    <menucontrol>9000</menucontrol>
    <background>0</background>
    <controls>

        <include>GlobalBackground</include>
        <include>Furniture_Header</include>
        <include>Furniture_NowPlaying</include>
        <include>Furniture_Clock</include>
        <control type="group">
            <include>Animation.Common</include>
            <control type="grouplist">
                <posy>PosterPad</posy>
                <left>SidePad</left>
                <right>SidePad</right>
                <height>PosterH</height>
                <orientation>horizontal</orientation>
                <itemgap>10</itemgap>
                <control type="group">
                    <width>285</width>
                    <control type="image">
                        <width>100%</width>
                        <height>100%</height>
                        <texture border="5" colordiffuse="Panel">common/box.png</texture>
                    </control>
					<control type="image">
						<left>0</left>
						<top>0</top>
						<right>0</right>
						<bottom>0</bottom>                          
						<texture colordiffuse="Box2" background="true">common/box13.png</texture>   
						<visible>!Skin.HasSetting(thumbnails.white)</visible>                        
					</control>
                    <control type="multiimage" description="Fanart">
                        <visible>!Skin.HasSetting(weather.hidefanart)</visible>
                        <width>100%</width>
                        <height>100%</height>
                        <fadetime>600</fadetime>
                        <timeperimage>12000</timeperimage>
                        <randomize>true</randomize>
                        <aspectratio>scale</aspectratio>
                        <animation effect="fade" start="100" end="10" condition="true">Conditional</animation>
                        <imagepath background="true">$INFO[Skin.String(weather.fanart.path)]$INFO[Window(Weather).Property(Current.FanartCode)]/</imagepath>
                    </control>
                    <control type="image">
                        <centertop>35%</centertop>
                        <centerleft>50%</centerleft>
                        <width>285</width>
                        <height>285</height>
                        <aspectratio align="center" aligny="center">keep</aspectratio>
                        <texture>$INFO[Skin.String(weather.icons.path),,/]$INFO[Window(weather).Property(Current.FanartCode),,.png]</texture>
                        <visible>!String.IsEmpty(Skin.String(weather.icons.path))</visible>
                    </control>
                    <control type="image">
                        <centertop>35%</centertop>
                        <centerleft>50%</centerleft>
                        <width>240</width>
                        <height>240</height>
                        <aspectratio align="center" aligny="center">keep</aspectratio>
                        <texture>$INFO[Window(weather).Property(Current.ConditionIcon)]</texture>
                        <visible>String.IsEmpty(Skin.String(weather.icons.path))</visible>
                    </control>
                    <control type="label">
                        <top>20</top>
                        <left>20</left>
                        <right>20</right>
                        <align>center</align>
                        <font>Small</font>
                        <textcolor>PanelWhite100</textcolor>
                        <label fallback="161">19030</label>
                    </control>
                    <control type="label">
                        <centertop>65%</centertop>
                        <left>20</left>
                        <right>20</right>
                        <align>center</align>
                        <font>EpisodeNumber</font>
                        <textcolor>PanelWhite100</textcolor>
                        <label fallback="N/A">$INFO[Window(Weather).Property(Current.Temperature),[B],[/B]°]</label>
                    </control>
                    <control type="textbox">
                        <top>76%</top>
                        <height>150</height>
                        <left>20</left>
                        <right>20</right>
                        <align>center</align>
                        <font>Tiny</font>
                        <textcolor>PanelWhite100</textcolor>
                        <label fallback="161">$INFO[Window(Weather).Property(Current.Condition),,[CR]]$INFO[Window(Weather).Property(Current.FeelsLike),$LOCALIZE[402] ,°[CR]]$INFO[Window(Weather).Property(Current.Humidity),, $LOCALIZE[406][CR]]$INFO[Window(Weather).Property(Current.Wind)]</label>
                    </control>
                </control>
                <control type="group">
                    <width>285</width>
                    <control type="image">
                        <width>100%</width>
                        <height>100%</height>
                        <texture border="5" colordiffuse="Panel">common/box.png</texture>
                    </control>
					<control type="image">
						<left>0</left>
						<top>0</top>
						<right>0</right>
						<bottom>0</bottom>                          
						<texture colordiffuse="Box2" background="true">common/box13.png</texture>   
						<visible>!Skin.HasSetting(thumbnails.white)</visible>                        
					</control>
                    <control type="multiimage" description="Fanart">
                        <visible>!Skin.HasSetting(weather.hidefanart)</visible>
                        <width>100%</width>
                        <height>100%</height>
                        <fadetime>600</fadetime>
                        <timeperimage>12000</timeperimage>
                        <randomize>true</randomize>
                        <aspectratio>scale</aspectratio>
                        <animation effect="fade" start="100" end="10" condition="true">Conditional</animation>
                        <imagepath background="true">$INFO[Skin.String(weather.fanart.path)]$INFO[Window(Weather).Property(Day0.FanartCode)]/</imagepath>
                    </control>
                    <control type="image">
                        <centertop>35%</centertop>
                        <centerleft>50%</centerleft>
                        <width>285</width>
                        <height>285</height>
                        <aspectratio align="center" aligny="center">keep</aspectratio>
                        <texture>$INFO[Skin.String(weather.icons.path),,/]$INFO[Window(weather).Property(Day0.FanartCode),,.png]</texture>
                        <visible>!String.IsEmpty(Skin.String(weather.icons.path))</visible>
                    </control>
                    <control type="image">
                        <centertop>35%</centertop>
                        <centerleft>50%</centerleft>
                        <width>240</width>
                        <height>240</height>
                        <aspectratio align="center" aligny="center">keep</aspectratio>
                        <texture>$INFO[Window(weather).Property(Day0.OutlookIcon)]</texture>
                        <visible>String.IsEmpty(Skin.String(weather.icons.path))</visible>
                    </control>
                    <control type="label">
                        <top>20</top>
                        <left>20</left>
                        <right>20</right>
                        <align>center</align>
                        <font>Small</font>
                        <textcolor>PanelWhite100</textcolor>
                        <label fallback="161">$LOCALIZE[33006]</label>
                    </control>
                    <control type="label">
                        <centertop>65%</centertop>
                        <left>20</left>
                        <right>20</right>
                        <align>center</align>
                        <font>LargeBold</font>
                        <textcolor>PanelWhite100</textcolor>
                        <label fallback="N/A">$INFO[Window(Weather).Property(Day0.HighTemp),[B],[/B]°]$INFO[Window(Weather).Property(Day0.LowTemp),  ,°]</label>
                    </control>
                    <control type="textbox">
                        <top>76%</top>
                        <height>130</height>
                        <left>20</left>
                        <right>20</right>
                        <align>center</align>
                        <font>Tiny</font>
                        <textcolor>PanelWhite100</textcolor>
                        <label fallback="161">$INFO[Window(Weather).Property(Day0.Outlook)]</label>
                    </control>
                </control>
                <control type="group">
                    <width>285</width>
                    <control type="image">
                        <width>100%</width>
                        <height>100%</height>
                        <texture border="5" colordiffuse="Panel">common/box.png</texture>
                    </control>
					<control type="image">
						<left>0</left>
						<top>0</top>
						<right>0</right>
						<bottom>0</bottom>                          
						<texture colordiffuse="Box2" background="true">common/box13.png</texture>   
						<visible>!Skin.HasSetting(thumbnails.white)</visible>                        
					</control>
                    <control type="multiimage" description="Fanart">
                        <visible>!Skin.HasSetting(weather.hidefanart)</visible>
                        <width>100%</width>
                        <height>100%</height>
                        <fadetime>600</fadetime>
                        <timeperimage>12000</timeperimage>
                        <randomize>true</randomize>
                        <aspectratio>scale</aspectratio>
                        <animation effect="fade" start="100" end="10" condition="true">Conditional</animation>
                        <imagepath background="true">$INFO[Skin.String(weather.fanart.path)]$INFO[Window(Weather).Property(Day1.FanartCode)]/</imagepath>
                    </control>
                    <control type="image">
                        <centertop>35%</centertop>
                        <centerleft>50%</centerleft>
                        <width>285</width>
                        <height>285</height>
                        <aspectratio align="center" aligny="center">keep</aspectratio>
                        <texture>$INFO[Skin.String(weather.icons.path),,/]$INFO[Window(weather).Property(Day1.FanartCode),,.png]</texture>
                        <visible>!String.IsEmpty(Skin.String(weather.icons.path))</visible>
                    </control>
                    <control type="image">
                        <centertop>35%</centertop>
                        <centerleft>50%</centerleft>
                        <width>240</width>
                        <height>240</height>
                        <aspectratio align="center" aligny="center">keep</aspectratio>
                        <texture>$INFO[Window(weather).Property(Day1.OutlookIcon)]</texture>
                        <visible>String.IsEmpty(Skin.String(weather.icons.path))</visible>
                    </control>
                    <control type="label">
                        <top>20</top>
                        <left>20</left>
                        <right>20</right>
                        <align>center</align>
                        <font>Small</font>
                        <textcolor>PanelWhite100</textcolor>
                        <label fallback="161">$LOCALIZE[33007]</label>
                    </control>
                    <control type="label">
                        <centertop>65%</centertop>
                        <left>20</left>
                        <right>20</right>
                        <align>center</align>
                        <font>LargeBold</font>
                        <textcolor>PanelWhite100</textcolor>
                        <label fallback="N/A">$INFO[Window(Weather).Property(Day1.HighTemp),[B],[/B]°]$INFO[Window(Weather).Property(Day1.LowTemp),  ,°]</label>
                    </control>
                    <control type="textbox">
                        <top>76%</top>
                        <height>130</height>
                        <left>20</left>
                        <right>20</right>
                        <align>center</align>
                        <font>Tiny</font>
                        <textcolor>PanelWhite100</textcolor>
                        <label fallback="161">$INFO[Window(Weather).Property(Day1.Outlook)]</label>
                    </control>
                </control>
                <control type="group">
                    <width>285</width>
                    <control type="image">
                        <width>100%</width>
                        <height>100%</height>
                        <texture border="5" colordiffuse="Panel">common/box.png</texture>
                    </control>
					<control type="image">
						<left>0</left>
						<top>0</top>
						<right>0</right>
						<bottom>0</bottom>                          
						<texture colordiffuse="Box2" background="true">common/box13.png</texture>   
						<visible>!Skin.HasSetting(thumbnails.white)</visible>                        
					</control>
                    <control type="multiimage" description="Fanart">
                        <visible>!Skin.HasSetting(weather.hidefanart)</visible>
                        <width>100%</width>
                        <height>100%</height>
                        <fadetime>600</fadetime>
                        <timeperimage>12000</timeperimage>
                        <randomize>true</randomize>
                        <aspectratio>scale</aspectratio>
                        <animation effect="fade" start="100" end="10" condition="true">Conditional</animation>
                        <imagepath background="true">$INFO[Skin.String(weather.fanart.path)]$INFO[Window(Weather).Property(Day2.FanartCode)]/</imagepath>
                    </control>
                    <control type="image">
                        <centertop>35%</centertop>
                        <centerleft>50%</centerleft>
                        <width>285</width>
                        <height>285</height>
                        <aspectratio align="center" aligny="center">keep</aspectratio>
                        <texture>$INFO[Skin.String(weather.icons.path),,/]$INFO[Window(weather).Property(Day2.FanartCode),,.png]</texture>
                        <visible>!String.IsEmpty(Skin.String(weather.icons.path))</visible>
                    </control>
                    <control type="image">
                        <centertop>35%</centertop>
                        <centerleft>50%</centerleft>
                        <width>240</width>
                        <height>240</height>
                        <aspectratio align="center" aligny="center">keep</aspectratio>
                        <texture>$INFO[Window(weather).Property(Day2.OutlookIcon)]</texture>
                        <visible>String.IsEmpty(Skin.String(weather.icons.path))</visible>
                    </control>
                    <control type="label">
                        <top>20</top>
                        <left>20</left>
                        <right>20</right>
                        <align>center</align>
                        <font>Small</font>
                        <textcolor>PanelWhite100</textcolor>
                        <label fallback="161">$INFO[Window(Weather).Property(Day2.Title)]</label>
                    </control>
                    <control type="label">
                        <centertop>65%</centertop>
                        <left>20</left>
                        <right>20</right>
                        <align>center</align>
                        <font>LargeBold</font>
                        <textcolor>PanelWhite100</textcolor>
                        <label fallback="N/A">$INFO[Window(Weather).Property(Day2.HighTemp),[B],[/B]°]$INFO[Window(Weather).Property(Day2.LowTemp),  ,°]</label>
                    </control>
                    <control type="textbox">
                        <top>76%</top>
                        <height>130</height>
                        <left>20</left>
                        <right>20</right>
                        <align>center</align>
                        <font>Tiny</font>
                        <textcolor>PanelWhite100</textcolor>
                        <label fallback="161">$INFO[Window(Weather).Property(Day2.Outlook)]</label>
                    </control>
                </control>
                <control type="group">
                    <width>285</width>
                    <control type="image">
                        <width>100%</width>
                        <height>100%</height>
                        <texture border="5" colordiffuse="Panel">common/box.png</texture>
                    </control>
					<control type="image">
						<left>0</left>
						<top>0</top>
						<right>0</right>
						<bottom>0</bottom>                          
						<texture colordiffuse="Box2" background="true">common/box13.png</texture>   
						<visible>!Skin.HasSetting(thumbnails.white)</visible>                        
					</control>
                    <control type="multiimage" description="Fanart">
                        <visible>!Skin.HasSetting(weather.hidefanart)</visible>
                        <width>100%</width>
                        <height>100%</height>
                        <fadetime>600</fadetime>
                        <timeperimage>12000</timeperimage>
                        <randomize>true</randomize>
                        <aspectratio>scale</aspectratio>
                        <animation effect="fade" start="100" end="10" condition="true">Conditional</animation>
                        <imagepath background="true">$INFO[Skin.String(weather.fanart.path)]$INFO[Window(Weather).Property(Day3.FanartCode)]/</imagepath>
                    </control>
                    <control type="image">
                        <centertop>35%</centertop>
                        <centerleft>50%</centerleft>
                        <width>285</width>
                        <height>285</height>
                        <aspectratio align="center" aligny="center">keep</aspectratio>
                        <texture>$INFO[Skin.String(weather.icons.path),,/]$INFO[Window(weather).Property(Day3.FanartCode),,.png]</texture>
                        <visible>!String.IsEmpty(Skin.String(weather.icons.path))</visible>
                    </control>
                    <control type="image">
                        <centertop>35%</centertop>
                        <centerleft>50%</centerleft>
                        <width>240</width>
                        <height>240</height>
                        <aspectratio align="center" aligny="center">keep</aspectratio>
                        <texture>$INFO[Window(weather).Property(Day3.OutlookIcon)]</texture>
                        <visible>String.IsEmpty(Skin.String(weather.icons.path))</visible>
                    </control>
                    <control type="label">
                        <top>20</top>
                        <left>20</left>
                        <right>20</right>
                        <align>center</align>
                        <font>Small</font>
                        <textcolor>PanelWhite100</textcolor>
                        <label fallback="161">$INFO[Window(Weather).Property(Day3.Title)]</label>
                    </control>
                    <control type="label">
                        <centertop>65%</centertop>
                        <left>20</left>
                        <right>20</right>
                        <align>center</align>
                        <font>LargeBold</font>
                        <textcolor>PanelWhite100</textcolor>
                        <label fallback="N/A">$INFO[Window(Weather).Property(Day3.HighTemp),[B],[/B]°]$INFO[Window(Weather).Property(Day3.LowTemp),  ,°]</label>
                    </control>
                    <control type="textbox">
                        <top>76%</top>
                        <height>130</height>
                        <left>20</left>
                        <right>20</right>
                        <align>center</align>
                        <font>Tiny</font>
                        <textcolor>PanelWhite100</textcolor>
                        <label fallback="161">$INFO[Window(Weather).Property(Day3.Outlook)]</label>
                    </control>
                </control>
                <control type="group">
                    <width>285</width>
                    <control type="image">
                        <width>100%</width>
                        <height>100%</height>
                        <texture border="5" colordiffuse="Panel">common/box.png</texture>
                    </control>
					<control type="image">
						<left>0</left>
						<top>0</top>
						<right>0</right>
						<bottom>0</bottom>                          
						<texture colordiffuse="Box2" background="true">common/box13.png</texture>   
						<visible>!Skin.HasSetting(thumbnails.white)</visible>                        
					</control>
                    <control type="multiimage" description="Fanart">
                        <visible>!Skin.HasSetting(weather.hidefanart)</visible>
                        <width>100%</width>
                        <height>100%</height>
                        <fadetime>600</fadetime>
                        <timeperimage>12000</timeperimage>
                        <randomize>true</randomize>
                        <aspectratio>scale</aspectratio>
                        <animation effect="fade" start="100" end="10" condition="true">Conditional</animation>
                        <imagepath background="true">$INFO[Skin.String(weather.fanart.path)]$INFO[Window(Weather).Property(Day4.FanartCode)]/</imagepath>
                    </control>
                    <control type="image">
                        <centertop>35%</centertop>
                        <centerleft>50%</centerleft>
                        <width>285</width>
                        <height>285</height>
                        <aspectratio align="center" aligny="center">keep</aspectratio>
                        <texture>$INFO[Skin.String(weather.icons.path),,/]$INFO[Window(weather).Property(Day4.FanartCode),,.png]</texture>
                        <visible>!String.IsEmpty(Skin.String(weather.icons.path))</visible>
                    </control>
                    <control type="image">
                        <centertop>35%</centertop>
                        <centerleft>50%</centerleft>
                        <width>240</width>
                        <height>240</height>
                        <aspectratio align="center" aligny="center">keep</aspectratio>
                        <texture>$INFO[Window(weather).Property(Day4.OutlookIcon)]</texture>
                        <visible>String.IsEmpty(Skin.String(weather.icons.path))</visible>
                    </control>
                    <control type="label">
                        <top>20</top>
                        <left>20</left>
                        <right>20</right>
                        <align>center</align>
                        <font>Small</font>
                        <textcolor>PanelWhite100</textcolor>
                        <label fallback="161">$INFO[Window(Weather).Property(Day4.Title)]</label>
                    </control>
                    <control type="label">
                        <centertop>65%</centertop>
                        <left>20</left>
                        <right>20</right>
                        <align>center</align>
                        <font>LargeBold</font>
                        <textcolor>PanelWhite100</textcolor>
                        <label fallback="N/A">$INFO[Window(Weather).Property(Day4.HighTemp),[B],[/B]°]$INFO[Window(Weather).Property(Day4.LowTemp),  ,°]</label>
                    </control>
                    <control type="textbox">
                        <top>76%</top>
                        <height>130</height>
                        <left>20</left>
                        <right>20</right>
                        <align>center</align>
                        <font>Tiny</font>
                        <textcolor>PanelWhite100</textcolor>
                        <label fallback="161">$INFO[Window(Weather).Property(Day4.Outlook)]</label>
                    </control>
                </control>
            </control>


        </control>
        <control type="button" id="9100" description="Fake Button">
            <visible allowhiddenfocus="true">false</visible>
            <onleft>9000</onleft>
            <onright>9000</onright>
            <onup>9000</onup>
            <ondown>9000</ondown>
            <onclick>SetFocus(9000)</onclick>
        </control>
        <control type="spincontrolex" id="3">
            <textoffsetx>30</textoffsetx>
            <description>Location Select</description>
            <visible allowhiddenfocus="true">false</visible>
        </control>
        <control type="group">
            <include>Animation.FadeIn</include>
            <include>Animation.FadeOut</include>
            <visible>ControlGroup(9000).HasFocus()</visible>
            <include>GlobalOverlay</include>
        </control>
        <control type="group">
            <include>Def9000Background</include>
            <control type="grouplist" id="9000">
                <onright>9100</onright>
                <onleft>9100</onleft>
                <onback>9100</onback>
                <usecontrolcoords>true</usecontrolcoords>
                <include>Def9000GroupList</include>

                <!-- Weather Options -->
                <control type="button" id="9008" description="Weather Location">
                    <include>DefContextButton</include>
                    <align>left</align>
                    <label>35500</label>
                    <label2>$INFO[Weather.Location]</label2>
                    <onclick>Weather.LocationNext</onclick>
                </control>

                <control type="radiobutton" id="9002" description="Show weather overlay">
                    <include>DefContextButton</include>
                    <align>left</align>
                    <label>31234</label>
                    <enable>!String.IsEmpty(Skin.String(weather.fanart.path))</enable>
                    <selected>!Skin.HasSetting(weather.hidefanart)</selected>
                    <onclick>Skin.ToggleSetting(weather.hidefanart)</onclick>
                </control>
                <control type="button" id="9001" description="Set Icons">
                    <include>DefContextButton</include>
                    <align>left</align>
                    <label>31260</label>
                    <onclick>RunScript(script.image.resource.select,property=weather.icons&amp;type=resource.images.weathericons)</onclick>
                </control>
                <control type="button" id="9004" description="Set Weather Fanart">
                    <include>DefContextButton</include>
                    <align>left</align>
                    <label>31143</label>
                    <onclick>RunScript(script.image.resource.select,property=weather.fanart&amp;type=resource.images.weatherfanart)</onclick>
                </control>
            </control>
        </control>
    </controls>

</window>
