<?xml version='1.0' encoding='UTF-8'?>
<includes>
	<include name="skinshortcuts-mainmenu" />
	<include />
	<include name="skinshortcuts-submenu">
		<item id="1">
			<property name="id">$NUMBER[1]</property>
			<property name="mainmenuid">1</property>
			<label>Laatst toegevoegd</label>
			<label2>Custom item</label2>
			<icon>special://skin/extras/icons/addtile.png</icon>
			<thumb />
			<property name="labelID">laatsttoegevoegd</property>
			<property name="defaultID" />
			<onclick>ActivateWindow(Videos,"plugin://plugin.video.vip-easy2use.tv/?media_type=Movies&amp;mode=GET_CONTENT&amp;url=%7bserver%7d%2femby%2fUsers%2f%7buserid%7d%2fItems%3fLimit%3d%7bItemLimit%7d%26Recursive%3dtrue%26SortBy%3dDateCreated%26Fields%3d%7bfield_filters%7d%26SortOrder%3dDescending%26Filters%3d%7bIsUnplayed%2c%7dIsNotFolder%26IncludeItemTypes%3dMovie%26ImageTypeLimit%3d1%26format%3djson",return)</onclick>
			<property name="path">ActivateWindow(Videos,"plugin://plugin.video.vip-easy2use.tv/?media_type=Movies&amp;mode=GET_CONTENT&amp;url=%7bserver%7d%2femby%2fUsers%2f%7buserid%7d%2fItems%3fLimit%3d%7bItemLimit%7d%26Recursive%3dtrue%26SortBy%3dDateCreated%26Fields%3d%7bfield_filters%7d%26SortOrder%3dDescending%26Filters%3d%7bIsUnplayed%2c%7dIsNotFolder%26IncludeItemTypes%3dMovie%26ImageTypeLimit%3d1%26format%3djson",return)</property>
			<property name="list">plugin://plugin.video.vip-easy2use.tv/?media_type=Movies&amp;mode=GET_CONTENT&amp;url=%7bserver%7d%2femby%2fUsers%2f%7buserid%7d%2fItems%3fLimit%3d%7bItemLimit%7d%26Recursive%3dtrue%26SortBy%3dDateCreated%26Fields%3d%7bfield_filters%7d%26SortOrder%3dDescending%26Filters%3d%7bIsUnplayed%2c%7dIsNotFolder%26IncludeItemTypes%3dMovie%26ImageTypeLimit%3d1%26format%3djson</property>
			<visible>[String.IsEqual(System.ProfileName,Master user)] + String.IsEqual(Container(9000).ListItem.Property(submenuVisibility),submenufilms)</visible>
			<property name="group">submenufilms</property>
			<property name="isSubmenu">True</property>
		</item>
		<item id="2">
			<property name="id">$NUMBER[2]</property>
			<property name="mainmenuid">1</property>
			<label>Speelfilms - Genre</label>
			<label2>Video add-on</label2>
			<icon>special://skin/extras/icons/addtile.png</icon>
			<thumb />
			<property name="labelID">speelfilms-genre</property>
			<property name="defaultID" />
			<onclick>ActivateWindow(Videos,"plugin://plugin.video.vip-easy2use.tv/?mode=GENRES&amp;item_type=movie&amp;parent_id=f137a2dd21bbc1b99aa5c0f6bf02a805",return)</onclick>
			<property name="path">ActivateWindow(Videos,"plugin://plugin.video.vip-easy2use.tv/?mode=GENRES&amp;item_type=movie&amp;parent_id=f137a2dd21bbc1b99aa5c0f6bf02a805",return)</property>
			<property name="list">plugin://plugin.video.vip-easy2use.tv/?mode=GENRES&amp;item_type=movie&amp;parent_id=f137a2dd21bbc1b99aa5c0f6bf02a805</property>
			<visible>[String.IsEqual(System.ProfileName,Master user)] + String.IsEqual(Container(9000).ListItem.Property(submenuVisibility),submenufilms)</visible>
			<property name="group">submenufilms</property>
			<property name="isSubmenu">True</property>
		</item>
		<item id="3">
			<property name="id">$NUMBER[3]</property>
			<property name="mainmenuid">1</property>
			<label>Zoeken (direct play)</label>
			<label2>Video add-on</label2>
			<icon>special://skin/extras/icons/addtile.png</icon>
			<thumb />
			<property name="labelID">zoeken-directplay</property>
			<property name="defaultID" />
			<onclick>ActivateWindow(Videos,"plugin://plugin.video.vip-easy2use.tv/?item_type=Movie&amp;mode=NEW_SEARCH",return)</onclick>
			<property name="path">ActivateWindow(Videos,"plugin://plugin.video.vip-easy2use.tv/?item_type=Movie&amp;mode=NEW_SEARCH",return)</property>
			<property name="list">plugin://plugin.video.vip-easy2use.tv/?item_type=Movie&amp;mode=NEW_SEARCH</property>
			<visible>[String.IsEqual(System.ProfileName,Master user)] + String.IsEqual(Container(9000).ListItem.Property(submenuVisibility),submenufilms)</visible>
			<property name="group">submenufilms</property>
			<property name="isSubmenu">True</property>
		</item>
		<item id="4">
			<property name="id">$NUMBER[4]</property>
			<property name="mainmenuid">1</property>
			<label>Zoeken overige</label>
			<label2>Custom item</label2>
			<icon>special://skin/extras/icons/addtile.png</icon>
			<thumb />
			<property name="labelID">zoekenoverige</property>
			<property name="defaultID" />
			<onclick>ActivateWindow(10025,"plugin://plugin.video.uranus/?action=movieSearch",return)</onclick>
			<property name="path">ActivateWindow(10025,"plugin://plugin.video.uranus/?action=movieSearch",return)</property>
			<property name="list">plugin://plugin.video.uranus/?action=movieSearch</property>
			<visible>[String.IsEqual(System.ProfileName,Master user)] + String.IsEqual(Container(9000).ListItem.Property(submenuVisibility),submenufilms)</visible>
			<property name="group">submenufilms</property>
			<property name="isSubmenu">True</property>
		</item>
		<item id="1">
			<property name="id">$NUMBER[1]</property>
			<property name="mainmenuid">2</property>
			<label>Laatst toegevoegd</label>
			<label2>Video add-on</label2>
			<icon>special://skin/extras/icons/addtile.png</icon>
			<thumb />
			<property name="labelID">laatsttoegevoegd</property>
			<property name="defaultID" />
			<onclick>ActivateWindow(10025,"plugin://plugin.video.vip-easy2use.tv/?media_type=Episodes&amp;mode=GET_CONTENT&amp;name_format=Episode%7cepisode_name_format&amp;url=%7bserver%7d%2femby%2fUsers%2f%7buserid%7d%2fItems%3fParentId%3dbfd8445a64c947c9ae8a9e68bd705b4f%26Limit%3d%7bItemLimit%7d%26IsVirtualUnaired%3dfalse%26IsMissing%3dFalse%26Fields%3d%7bfield_filters%7d%26SortBy%3dDateCreated%26SortOrder%3dDescending%26Filters%3d%7bIsUnplayed%2c%7dIsNotFolder%26Recursive%3dtrue%26IncludeItemTypes%3dEpisode%26ImageTypeLimit%3d1%26format%3djson",return)</onclick>
			<property name="path">ActivateWindow(10025,"plugin://plugin.video.vip-easy2use.tv/?media_type=Episodes&amp;mode=GET_CONTENT&amp;name_format=Episode%7cepisode_name_format&amp;url=%7bserver%7d%2femby%2fUsers%2f%7buserid%7d%2fItems%3fParentId%3dbfd8445a64c947c9ae8a9e68bd705b4f%26Limit%3d%7bItemLimit%7d%26IsVirtualUnaired%3dfalse%26IsMissing%3dFalse%26Fields%3d%7bfield_filters%7d%26SortBy%3dDateCreated%26SortOrder%3dDescending%26Filters%3d%7bIsUnplayed%2c%7dIsNotFolder%26Recursive%3dtrue%26IncludeItemTypes%3dEpisode%26ImageTypeLimit%3d1%26format%3djson",return)</property>
			<property name="list">plugin://plugin.video.vip-easy2use.tv/?media_type=Episodes&amp;mode=GET_CONTENT&amp;name_format=Episode%7cepisode_name_format&amp;url=%7bserver%7d%2femby%2fUsers%2f%7buserid%7d%2fItems%3fParentId%3dbfd8445a64c947c9ae8a9e68bd705b4f%26Limit%3d%7bItemLimit%7d%26IsVirtualUnaired%3dfalse%26IsMissing%3dFalse%26Fields%3d%7bfield_filters%7d%26SortBy%3dDateCreated%26SortOrder%3dDescending%26Filters%3d%7bIsUnplayed%2c%7dIsNotFolder%26Recursive%3dtrue%26IncludeItemTypes%3dEpisode%26ImageTypeLimit%3d1%26format%3djson</property>
			<visible>[String.IsEqual(System.ProfileName,Master user)] + String.IsEqual(Container(9000).ListItem.Property(submenuVisibility),submenuseries)</visible>
			<property name="group">submenuseries</property>
			<property name="isSubmenu">True</property>
		</item>
		<item id="2">
			<property name="id">$NUMBER[2]</property>
			<property name="mainmenuid">2</property>
			<label>Genre</label>
			<label2>Custom item</label2>
			<icon>special://skin/extras/icons/addtile.png</icon>
			<thumb />
			<property name="labelID">genre</property>
			<property name="defaultID" />
			<onclick>ActivateWindow(Videos,"plugin://plugin.video.embycon/?mode=GENRES&amp;item_type=tvshow&amp;",return)</onclick>
			<property name="path">ActivateWindow(Videos,"plugin://plugin.video.embycon/?mode=GENRES&amp;item_type=tvshow&amp;",return)</property>
			<property name="list">plugin://plugin.video.embycon/?mode=GENRES&amp;item_type=tvshow&amp;</property>
			<visible>[String.IsEqual(System.ProfileName,Master user)] + String.IsEqual(Container(9000).ListItem.Property(submenuVisibility),submenuseries)</visible>
			<property name="group">submenuseries</property>
			<property name="isSubmenu">True</property>
		</item>
		<item id="3">
			<property name="id">$NUMBER[3]</property>
			<property name="mainmenuid">2</property>
			<label>Zoeken (direct play)</label>
			<label2>Custom item</label2>
			<icon>special://skin/extras/icons/addtile.png</icon>
			<thumb />
			<property name="labelID">zoeken-directplay</property>
			<property name="defaultID" />
			<onclick>ActivateWindow(Videos,"plugin://plugin.video.vip-easy2use.tv/?mode=NEW_SEARCH&amp;item_type=Series",return)</onclick>
			<property name="path">ActivateWindow(Videos,"plugin://plugin.video.vip-easy2use.tv/?mode=NEW_SEARCH&amp;item_type=Series",return)</property>
			<property name="list">plugin://plugin.video.vip-easy2use.tv/?mode=NEW_SEARCH&amp;item_type=Series</property>
			<visible>[String.IsEqual(System.ProfileName,Master user)] + String.IsEqual(Container(9000).ListItem.Property(submenuVisibility),submenuseries)</visible>
			<property name="group">submenuseries</property>
			<property name="isSubmenu">True</property>
		</item>
		<item id="4">
			<property name="id">$NUMBER[4]</property>
			<property name="mainmenuid">2</property>
			<label>Zoeken overig</label>
			<label2>Custom item</label2>
			<icon>special://skin/extras/icons/addtile.png</icon>
			<thumb />
			<property name="labelID">zoekenoverig</property>
			<property name="defaultID" />
			<onclick>ActivateWindow(10025,"plugin://plugin.video.uranus/?action=tvSearch",return)</onclick>
			<property name="path">ActivateWindow(10025,"plugin://plugin.video.uranus/?action=tvSearch",return)</property>
			<property name="list">plugin://plugin.video.uranus/?action=tvSearch</property>
			<visible>[String.IsEqual(System.ProfileName,Master user)] + String.IsEqual(Container(9000).ListItem.Property(submenuVisibility),submenuseries)</visible>
			<property name="group">submenuseries</property>
			<property name="isSubmenu">True</property>
		</item>
		<item id="1">
			<property name="id">$NUMBER[1]</property>
			<property name="mainmenuid">3</property>
			<label>Playlistloader</label>
			<label2>Custom item</label2>
			<icon>special://skin/extras/icons/addtile.png</icon>
			<thumb />
			<property name="labelID">plugin.video.playlistLoader</property>
			<property name="defaultID" />
			<onclick>ActivateWindow(Videos,"plugin://plugin.video.playlistLoader",return)</onclick>
			<property name="path">ActivateWindow(Videos,"plugin://plugin.video.playlistLoader",return)</property>
			<property name="list">plugin://plugin.video.playlistLoader</property>
			<visible>[String.IsEqual(System.ProfileName,Master user)] + String.IsEqual(Container(9000).ListItem.Property(submenuVisibility),submenulivetv)</visible>
			<property name="group">submenulivetv</property>
			<property name="isSubmenu">True</property>
		</item>
		<item id="1">
			<property name="id">$NUMBER[1]</property>
			<property name="mainmenuid">5</property>
			<label>NL Sport</label>
			<label2>Custom item</label2>
			<icon>special://skin/extras/icons/addtile.png</icon>
			<thumb />
			<property name="labelID">plugin.video.sport</property>
			<property name="defaultID" />
			<onclick>ActivateWindow(Videos,"plugin://plugin.video.sport",return)</onclick>
			<property name="path">ActivateWindow(Videos,"plugin://plugin.video.sport",return)</property>
			<property name="list">plugin://plugin.video.sport</property>
			<visible>[String.IsEqual(System.ProfileName,Master user)] + String.IsEqual(Container(9000).ListItem.Property(submenuVisibility),submenusport)</visible>
			<property name="group">submenusport</property>
			<property name="isSubmenu">True</property>
		</item>
		<item id="2">
			<property name="id">$NUMBER[2]</property>
			<property name="mainmenuid">5</property>
			<label>Sport</label>
			<label2>Custom item</label2>
			<icon>special://skin/extras/icons/addtile.png</icon>
			<thumb />
			<property name="labelID">plugin.video.sport--0</property>
			<property name="defaultID" />
			<onclick>ActivateWindow(Videos,"plugin://plugin.video.sport",return)</onclick>
			<property name="path">ActivateWindow(Videos,"plugin://plugin.video.sport",return)</property>
			<property name="list">plugin://plugin.video.sport</property>
			<visible>[String.IsEqual(System.ProfileName,Master user)] + String.IsEqual(Container(9000).ListItem.Property(submenuVisibility),submenusport)</visible>
			<property name="group">submenusport</property>
			<property name="isSubmenu">True</property>
		</item>
		<item id="3">
			<property name="id">$NUMBER[3]</property>
			<property name="mainmenuid">5</property>
			<label>Extreme sports</label>
			<label2>Custom item</label2>
			<icon>special://skin/extras/icons/addtile.png</icon>
			<thumb />
			<property name="labelID">plugin.video.sport--1</property>
			<property name="defaultID" />
			<onclick>ActivateWindow(Videos,"plugin://plugin.video.sport",return)</onclick>
			<property name="path">ActivateWindow(Videos,"plugin://plugin.video.sport",return)</property>
			<property name="list">plugin://plugin.video.sport</property>
			<visible>[String.IsEqual(System.ProfileName,Master user)] + String.IsEqual(Container(9000).ListItem.Property(submenuVisibility),submenusport)</visible>
			<property name="group">submenusport</property>
			<property name="isSubmenu">True</property>
		</item>
		<item id="1">
			<property name="id">$NUMBER[1]</property>
			<property name="mainmenuid">7</property>
			<label>Addons overzicht</label>
			<label2>Custom item</label2>
			<icon>special://skin/extras/icons/addtile.png</icon>
			<thumb />
			<property name="labelID">addonsoverzicht</property>
			<property name="defaultID" />
			<onclick>ActivateWindow(10040,"addons://user/xbmc.addon.video",return)</onclick>
			<property name="path">ActivateWindow(10040,"addons://user/xbmc.addon.video",return)</property>
			<property name="list">addons://user/xbmc.addon.video</property>
			<visible>[String.IsEqual(System.ProfileName,Master user)] + String.IsEqual(Container(9000).ListItem.Property(submenuVisibility),submenufavorieten)</visible>
			<property name="group">submenufavorieten</property>
			<property name="isSubmenu">True</property>
		</item>
		<item id="2">
			<property name="id">$NUMBER[2]</property>
			<property name="mainmenuid">7</property>
			<label>Addons zoeken en installeren)</label>
			<label2>Custom item</label2>
			<icon>special://skin/extras/icons/addtile.png</icon>
			<thumb />
			<property name="labelID">addonszoekeneninstalleren</property>
			<property name="defaultID" />
			<onclick>ActivateWindow(10040,"addons://search/",return)</onclick>
			<property name="path">ActivateWindow(10040,"addons://search/",return)</property>
			<property name="list">addons://search/</property>
			<visible>[String.IsEqual(System.ProfileName,Master user)] + String.IsEqual(Container(9000).ListItem.Property(submenuVisibility),submenufavorieten)</visible>
			<property name="group">submenufavorieten</property>
			<property name="isSubmenu">True</property>
		</item>
		<item id="1">
			<property name="id">$NUMBER[1]</property>
			<property name="mainmenuid">8</property>
			<label>TuneIn</label>
			<label2>Video add-on</label2>
			<icon>special://skin/extras/icons/addtile.png</icon>
			<thumb>image://http%3a%2f%2feasyuse.tv%3a8096%2femby%2fItems%2faf71c681da609e9be4975068f35e0328%2fImages%2fPrimary%2f0%3fFormat%3doriginal%26Tag%3d1120c7e2946a17ae25b43ab49181076a/</thumb>
			<property name="labelID">tunein</property>
			<property name="defaultID" />
			<onclick>ActivateWindow(10025,"plugin://plugin.video.vip-easy2use.tv/?url=%7Bserver%7D/emby/Users/%7Buserid%7D/Items%3FParentId%3Daf71c681da609e9be4975068f35e0328%26IsVirtualUnaired%3Dfalse%26IsMissing%3DFalse%26Fields%3D%7Bfield_filters%7D%26ImageTypeLimit%3D1%26format%3Djson&amp;mode=GET_CONTENT&amp;media_type=files&amp;name_format=Episode%7Cepisode_name_format",return)</onclick>
			<property name="path">ActivateWindow(10025,"plugin://plugin.video.vip-easy2use.tv/?url=%7Bserver%7D/emby/Users/%7Buserid%7D/Items%3FParentId%3Daf71c681da609e9be4975068f35e0328%26IsVirtualUnaired%3Dfalse%26IsMissing%3DFalse%26Fields%3D%7Bfield_filters%7D%26ImageTypeLimit%3D1%26format%3Djson&amp;mode=GET_CONTENT&amp;media_type=files&amp;name_format=Episode%7Cepisode_name_format",return)</property>
			<property name="list">plugin://plugin.video.vip-easy2use.tv/?url=%7Bserver%7D/emby/Users/%7Buserid%7D/Items%3FParentId%3Daf71c681da609e9be4975068f35e0328%26IsVirtualUnaired%3Dfalse%26IsMissing%3DFalse%26Fields%3D%7Bfield_filters%7D%26ImageTypeLimit%3D1%26format%3Djson&amp;mode=GET_CONTENT&amp;media_type=files&amp;name_format=Episode%7Cepisode_name_format</property>
			<visible>[String.IsEqual(System.ProfileName,Master user)] + String.IsEqual(Container(9000).ListItem.Property(submenuVisibility),submenumuziek)</visible>
			<property name="group">submenumuziek</property>
			<property name="isSubmenu">True</property>
		</item>
		<item id="1">
			<property name="id">$NUMBER[1]</property>
			<property name="mainmenuid">10</property>
			<label>[COLOR red]New[/COLOR] Video Devil</label>
			<label2>Custom item</label2>
			<icon>special://skin/extras/icons/addtile.png</icon>
			<thumb />
			<property name="labelID">plugin.video.videodevil</property>
			<property name="defaultID" />
			<onclick>ActivateWindow(Videos,"plugin://plugin.video.videodevil",return)</onclick>
			<property name="path">ActivateWindow(Videos,"plugin://plugin.video.videodevil",return)</property>
			<property name="list">plugin://plugin.video.videodevil</property>
			<visible>[String.IsEqual(System.ProfileName,Master user)] + String.IsEqual(Container(9000).ListItem.Property(submenuVisibility),submenuxxx)</visible>
			<property name="group">submenuxxx</property>
			<property name="isSubmenu">True</property>
		</item>
		<item id="2">
			<property name="id">$NUMBER[2]</property>
			<property name="mainmenuid">10</property>
			<label>Scenes</label>
			<label2>Custom item</label2>
			<icon>special://skin/extras/icons/addtile.png</icon>
			<thumb />
			<property name="labelID">scenes</property>
			<property name="defaultID" />
			<onclick>ActivateWindow(Videos,"plugin://plugin.video.uwc/?url=&amp;mode=1&amp;page=&amp;channel=None&amp;section=None&amp;keyword=&amp;name=%5BCOLOR+hotpink%5DWhitecream%5B%2FCOLOR%5D+%5BCOLOR+white%5DScenes%5B%2FCOLOR%5D",return)</onclick>
			<property name="path">ActivateWindow(Videos,"plugin://plugin.video.uwc/?url=&amp;mode=1&amp;page=&amp;channel=None&amp;section=None&amp;keyword=&amp;name=%5BCOLOR+hotpink%5DWhitecream%5B%2FCOLOR%5D+%5BCOLOR+white%5DScenes%5B%2FCOLOR%5D",return)</property>
			<property name="list">plugin://plugin.video.uwc/?url=&amp;mode=1&amp;page=&amp;channel=None&amp;section=None&amp;keyword=&amp;name=%5BCOLOR+hotpink%5DWhitecream%5B%2FCOLOR%5D+%5BCOLOR+white%5DScenes%5B%2FCOLOR%5D</property>
			<visible>[String.IsEqual(System.ProfileName,Master user)] + String.IsEqual(Container(9000).ListItem.Property(submenuVisibility),submenuxxx)</visible>
			<property name="group">submenuxxx</property>
			<property name="isSubmenu">True</property>
		</item>
		<item id="3">
			<property name="id">$NUMBER[3]</property>
			<property name="mainmenuid">10</property>
			<label>Movies</label>
			<label2>Custom item</label2>
			<icon>special://skin/extras/icons/addtile.png</icon>
			<thumb />
			<property name="labelID">movies</property>
			<property name="defaultID" />
			<onclick>ActivateWindow(Videos,"plugin://plugin.video.uwc/?url=&amp;mode=2&amp;page=&amp;channel=None&amp;section=None&amp;keyword=&amp;name=%5BCOLOR+hotpink%5DWhitecream%5B%2FCOLOR%5D+%5BCOLOR+white%5DMovies%5B%2FCOLOR%5D",return)</onclick>
			<property name="path">ActivateWindow(Videos,"plugin://plugin.video.uwc/?url=&amp;mode=2&amp;page=&amp;channel=None&amp;section=None&amp;keyword=&amp;name=%5BCOLOR+hotpink%5DWhitecream%5B%2FCOLOR%5D+%5BCOLOR+white%5DMovies%5B%2FCOLOR%5D",return)</property>
			<property name="list">plugin://plugin.video.uwc/?url=&amp;mode=2&amp;page=&amp;channel=None&amp;section=None&amp;keyword=&amp;name=%5BCOLOR+hotpink%5DWhitecream%5B%2FCOLOR%5D+%5BCOLOR+white%5DMovies%5B%2FCOLOR%5D</property>
			<visible>[String.IsEqual(System.ProfileName,Master user)] + String.IsEqual(Container(9000).ListItem.Property(submenuVisibility),submenuxxx)</visible>
			<property name="group">submenuxxx</property>
			<property name="isSubmenu">True</property>
		</item>
		<item id="4">
			<property name="id">$NUMBER[4]</property>
			<property name="mainmenuid">10</property>
			<label>Hentai</label>
			<label2>Custom item</label2>
			<icon>special://skin/extras/icons/addtile.png</icon>
			<thumb />
			<property name="labelID">hentai</property>
			<property name="defaultID" />
			<onclick>ActivateWindow(Videos,"plugin://plugin.video.uwc/?url=&amp;mode=3&amp;page=&amp;channel=None&amp;section=None&amp;keyword=&amp;name=%5BCOLOR+hotpink%5DWhitecream%5B%2FCOLOR%5D+%5BCOLOR+white%5DHentai%5B%2FCOLOR%5D",return)</onclick>
			<property name="path">ActivateWindow(Videos,"plugin://plugin.video.uwc/?url=&amp;mode=3&amp;page=&amp;channel=None&amp;section=None&amp;keyword=&amp;name=%5BCOLOR+hotpink%5DWhitecream%5B%2FCOLOR%5D+%5BCOLOR+white%5DHentai%5B%2FCOLOR%5D",return)</property>
			<property name="list">plugin://plugin.video.uwc/?url=&amp;mode=3&amp;page=&amp;channel=None&amp;section=None&amp;keyword=&amp;name=%5BCOLOR+hotpink%5DWhitecream%5B%2FCOLOR%5D+%5BCOLOR+white%5DHentai%5B%2FCOLOR%5D</property>
			<visible>[String.IsEqual(System.ProfileName,Master user)] + String.IsEqual(Container(9000).ListItem.Property(submenuVisibility),submenuxxx)</visible>
			<property name="group">submenuxxx</property>
			<property name="isSubmenu">True</property>
		</item>
		<item id="5">
			<property name="id">$NUMBER[5]</property>
			<property name="mainmenuid">10</property>
			<label>Tubes</label>
			<label2>Custom item</label2>
			<icon>special://skin/extras/icons/addtile.png</icon>
			<thumb />
			<property name="labelID">tubes</property>
			<property name="defaultID" />
			<onclick>ActivateWindow(Videos,"plugin://plugin.video.uwc/?url=&amp;mode=6&amp;page=&amp;channel=None&amp;section=None&amp;keyword=&amp;name=%5BCOLOR+hotpink%5DWhitecream%5B%2FCOLOR%5D+%5BCOLOR+white%5DTubes%5B%2FCOLOR%5D",return)</onclick>
			<property name="path">ActivateWindow(Videos,"plugin://plugin.video.uwc/?url=&amp;mode=6&amp;page=&amp;channel=None&amp;section=None&amp;keyword=&amp;name=%5BCOLOR+hotpink%5DWhitecream%5B%2FCOLOR%5D+%5BCOLOR+white%5DTubes%5B%2FCOLOR%5D",return)</property>
			<property name="list">plugin://plugin.video.uwc/?url=&amp;mode=6&amp;page=&amp;channel=None&amp;section=None&amp;keyword=&amp;name=%5BCOLOR+hotpink%5DWhitecream%5B%2FCOLOR%5D+%5BCOLOR+white%5DTubes%5B%2FCOLOR%5D</property>
			<visible>[String.IsEqual(System.ProfileName,Master user)] + String.IsEqual(Container(9000).ListItem.Property(submenuVisibility),submenuxxx)</visible>
			<property name="group">submenuxxx</property>
			<property name="isSubmenu">True</property>
		</item>
		<item id="6">
			<property name="id">$NUMBER[6]</property>
			<property name="mainmenuid">10</property>
			<label>Webams&amp;streams</label>
			<label2>Custom item</label2>
			<icon>special://skin/extras/icons/addtile.png</icon>
			<thumb />
			<property name="labelID">webams-streams</property>
			<property name="defaultID" />
			<onclick>ActivateWindow(Videos,"plugin://plugin.video.uwc/?url=&amp;mode=7&amp;page=&amp;channel=None&amp;section=None&amp;keyword=&amp;name=%5BCOLOR+hotpink%5DWhitecream%5B%2FCOLOR%5D+%5BCOLOR+white%5DWebcams+%26+Streams%5B%2FCOLOR%5D",return)</onclick>
			<property name="path">ActivateWindow(Videos,"plugin://plugin.video.uwc/?url=&amp;mode=7&amp;page=&amp;channel=None&amp;section=None&amp;keyword=&amp;name=%5BCOLOR+hotpink%5DWhitecream%5B%2FCOLOR%5D+%5BCOLOR+white%5DWebcams+%26+Streams%5B%2FCOLOR%5D",return)</property>
			<property name="list">plugin://plugin.video.uwc/?url=&amp;mode=7&amp;page=&amp;channel=None&amp;section=None&amp;keyword=&amp;name=%5BCOLOR+hotpink%5DWhitecream%5B%2FCOLOR%5D+%5BCOLOR+white%5DWebcams+%26+Streams%5B%2FCOLOR%5D</property>
			<visible>[String.IsEqual(System.ProfileName,Master user)] + String.IsEqual(Container(9000).ListItem.Property(submenuVisibility),submenuxxx)</visible>
			<property name="group">submenuxxx</property>
			<property name="isSubmenu">True</property>
		</item>
		<item id="1">
			<property name="id">$NUMBER[1]</property>
			<property name="mainmenuid">11</property>
			<label>$LOCALIZE[10004]</label>
			<label2>Common menu item</label2>
			<icon>special://skin/extras/icons/settings.png</icon>
			<thumb />
			<property name="labelID">settings</property>
			<property name="defaultID">settings</property>
			<onclick>ActivateWindow(Settings)</onclick>
			<property name="path">ActivateWindow(Settings)</property>
			<property name="list">Settings</property>
			<visible>[String.IsEqual(System.ProfileName,Master user)] + String.IsEqual(Container(9000).ListItem.Property(submenuVisibility),submenuinstellingen)</visible>
			<property name="group">submenuinstellingen</property>
			<property name="isSubmenu">True</property>
		</item>
		<item id="2">
			<property name="id">$NUMBER[2]</property>
			<property name="mainmenuid">11</property>
			<label>Speedtest</label>
			<label2>Custom item</label2>
			<icon>special://skin/extras/icons/addtile.png</icon>
			<thumb />
			<property name="labelID">script.speedtestnet</property>
			<property name="defaultID" />
			<onclick>RunAddOn(script.speedtestnet)</onclick>
			<property name="path">RunAddOn(script.speedtestnet)</property>
			<property name="list">RunAddOn(script.speedtestnet)</property>
			<visible>[String.IsEqual(System.ProfileName,Master user)] + String.IsEqual(Container(9000).ListItem.Property(submenuVisibility),submenuinstellingen)</visible>
			<property name="group">submenuinstellingen</property>
			<property name="isSubmenu">True</property>
		</item>
	</include>
	<include name="skinshortcuts-group-submenufilms">
		<item id="1">
			<property name="id">$NUMBER[1]</property>
			<property name="mainmenuid">1</property>
			<label>Laatst toegevoegd</label>
			<label2>Custom item</label2>
			<icon>special://skin/extras/icons/addtile.png</icon>
			<thumb />
			<property name="labelID">laatsttoegevoegd</property>
			<property name="defaultID" />
			<onclick>ActivateWindow(Videos,"plugin://plugin.video.vip-easy2use.tv/?media_type=Movies&amp;mode=GET_CONTENT&amp;url=%7bserver%7d%2femby%2fUsers%2f%7buserid%7d%2fItems%3fLimit%3d%7bItemLimit%7d%26Recursive%3dtrue%26SortBy%3dDateCreated%26Fields%3d%7bfield_filters%7d%26SortOrder%3dDescending%26Filters%3d%7bIsUnplayed%2c%7dIsNotFolder%26IncludeItemTypes%3dMovie%26ImageTypeLimit%3d1%26format%3djson",return)</onclick>
			<property name="path">ActivateWindow(Videos,"plugin://plugin.video.vip-easy2use.tv/?media_type=Movies&amp;mode=GET_CONTENT&amp;url=%7bserver%7d%2femby%2fUsers%2f%7buserid%7d%2fItems%3fLimit%3d%7bItemLimit%7d%26Recursive%3dtrue%26SortBy%3dDateCreated%26Fields%3d%7bfield_filters%7d%26SortOrder%3dDescending%26Filters%3d%7bIsUnplayed%2c%7dIsNotFolder%26IncludeItemTypes%3dMovie%26ImageTypeLimit%3d1%26format%3djson",return)</property>
			<property name="list">plugin://plugin.video.vip-easy2use.tv/?media_type=Movies&amp;mode=GET_CONTENT&amp;url=%7bserver%7d%2femby%2fUsers%2f%7buserid%7d%2fItems%3fLimit%3d%7bItemLimit%7d%26Recursive%3dtrue%26SortBy%3dDateCreated%26Fields%3d%7bfield_filters%7d%26SortOrder%3dDescending%26Filters%3d%7bIsUnplayed%2c%7dIsNotFolder%26IncludeItemTypes%3dMovie%26ImageTypeLimit%3d1%26format%3djson</property>
			<visible>String.IsEqual(System.ProfileName,Master user)</visible>
			<property name="group">submenufilms</property>
			<property name="isSubmenu">True</property>
		</item>
		<item id="2">
			<property name="id">$NUMBER[2]</property>
			<property name="mainmenuid">1</property>
			<label>Speelfilms - Genre</label>
			<label2>Video add-on</label2>
			<icon>special://skin/extras/icons/addtile.png</icon>
			<thumb />
			<property name="labelID">speelfilms-genre</property>
			<property name="defaultID" />
			<onclick>ActivateWindow(Videos,"plugin://plugin.video.vip-easy2use.tv/?mode=GENRES&amp;item_type=movie&amp;parent_id=f137a2dd21bbc1b99aa5c0f6bf02a805",return)</onclick>
			<property name="path">ActivateWindow(Videos,"plugin://plugin.video.vip-easy2use.tv/?mode=GENRES&amp;item_type=movie&amp;parent_id=f137a2dd21bbc1b99aa5c0f6bf02a805",return)</property>
			<property name="list">plugin://plugin.video.vip-easy2use.tv/?mode=GENRES&amp;item_type=movie&amp;parent_id=f137a2dd21bbc1b99aa5c0f6bf02a805</property>
			<visible>String.IsEqual(System.ProfileName,Master user)</visible>
			<property name="group">submenufilms</property>
			<property name="isSubmenu">True</property>
		</item>
		<item id="3">
			<property name="id">$NUMBER[3]</property>
			<property name="mainmenuid">1</property>
			<label>Zoeken (direct play)</label>
			<label2>Video add-on</label2>
			<icon>special://skin/extras/icons/addtile.png</icon>
			<thumb />
			<property name="labelID">zoeken-directplay</property>
			<property name="defaultID" />
			<onclick>ActivateWindow(Videos,"plugin://plugin.video.vip-easy2use.tv/?item_type=Movie&amp;mode=NEW_SEARCH",return)</onclick>
			<property name="path">ActivateWindow(Videos,"plugin://plugin.video.vip-easy2use.tv/?item_type=Movie&amp;mode=NEW_SEARCH",return)</property>
			<property name="list">plugin://plugin.video.vip-easy2use.tv/?item_type=Movie&amp;mode=NEW_SEARCH</property>
			<visible>String.IsEqual(System.ProfileName,Master user)</visible>
			<property name="group">submenufilms</property>
			<property name="isSubmenu">True</property>
		</item>
		<item id="4">
			<property name="id">$NUMBER[4]</property>
			<property name="mainmenuid">1</property>
			<label>Zoeken overige</label>
			<label2>Custom item</label2>
			<icon>special://skin/extras/icons/addtile.png</icon>
			<thumb />
			<property name="labelID">zoekenoverige</property>
			<property name="defaultID" />
			<onclick>ActivateWindow(10025,"plugin://plugin.video.uranus/?action=movieSearch",return)</onclick>
			<property name="path">ActivateWindow(10025,"plugin://plugin.video.uranus/?action=movieSearch",return)</property>
			<property name="list">plugin://plugin.video.uranus/?action=movieSearch</property>
			<visible>String.IsEqual(System.ProfileName,Master user)</visible>
			<property name="group">submenufilms</property>
			<property name="isSubmenu">True</property>
		</item>
	</include>
	<include name="skinshortcuts-group-alt-submenufilms">
		<item id="1">
			<property name="id">$NUMBER[1]</property>
			<property name="mainmenuid">1</property>
			<label>Laatst toegevoegd</label>
			<label2>Custom item</label2>
			<icon>special://skin/extras/icons/addtile.png</icon>
			<thumb />
			<property name="labelID">laatsttoegevoegd</property>
			<property name="defaultID" />
			<onclick>ActivateWindow(Videos,"plugin://plugin.video.vip-easy2use.tv/?media_type=Movies&amp;mode=GET_CONTENT&amp;url=%7bserver%7d%2femby%2fUsers%2f%7buserid%7d%2fItems%3fLimit%3d%7bItemLimit%7d%26Recursive%3dtrue%26SortBy%3dDateCreated%26Fields%3d%7bfield_filters%7d%26SortOrder%3dDescending%26Filters%3d%7bIsUnplayed%2c%7dIsNotFolder%26IncludeItemTypes%3dMovie%26ImageTypeLimit%3d1%26format%3djson",return)</onclick>
			<property name="path">ActivateWindow(Videos,"plugin://plugin.video.vip-easy2use.tv/?media_type=Movies&amp;mode=GET_CONTENT&amp;url=%7bserver%7d%2femby%2fUsers%2f%7buserid%7d%2fItems%3fLimit%3d%7bItemLimit%7d%26Recursive%3dtrue%26SortBy%3dDateCreated%26Fields%3d%7bfield_filters%7d%26SortOrder%3dDescending%26Filters%3d%7bIsUnplayed%2c%7dIsNotFolder%26IncludeItemTypes%3dMovie%26ImageTypeLimit%3d1%26format%3djson",return)</property>
			<property name="list">plugin://plugin.video.vip-easy2use.tv/?media_type=Movies&amp;mode=GET_CONTENT&amp;url=%7bserver%7d%2femby%2fUsers%2f%7buserid%7d%2fItems%3fLimit%3d%7bItemLimit%7d%26Recursive%3dtrue%26SortBy%3dDateCreated%26Fields%3d%7bfield_filters%7d%26SortOrder%3dDescending%26Filters%3d%7bIsUnplayed%2c%7dIsNotFolder%26IncludeItemTypes%3dMovie%26ImageTypeLimit%3d1%26format%3djson</property>
			<visible>[String.IsEqual(System.ProfileName,Master user)] + String.IsEqual(Window(10000).Property(submenuVisibility),submenufilms)</visible>
			<property name="group">submenufilms</property>
			<property name="isSubmenu">True</property>
		</item>
		<item id="2">
			<property name="id">$NUMBER[2]</property>
			<property name="mainmenuid">1</property>
			<label>Speelfilms - Genre</label>
			<label2>Video add-on</label2>
			<icon>special://skin/extras/icons/addtile.png</icon>
			<thumb />
			<property name="labelID">speelfilms-genre</property>
			<property name="defaultID" />
			<onclick>ActivateWindow(Videos,"plugin://plugin.video.vip-easy2use.tv/?mode=GENRES&amp;item_type=movie&amp;parent_id=f137a2dd21bbc1b99aa5c0f6bf02a805",return)</onclick>
			<property name="path">ActivateWindow(Videos,"plugin://plugin.video.vip-easy2use.tv/?mode=GENRES&amp;item_type=movie&amp;parent_id=f137a2dd21bbc1b99aa5c0f6bf02a805",return)</property>
			<property name="list">plugin://plugin.video.vip-easy2use.tv/?mode=GENRES&amp;item_type=movie&amp;parent_id=f137a2dd21bbc1b99aa5c0f6bf02a805</property>
			<visible>[String.IsEqual(System.ProfileName,Master user)] + String.IsEqual(Window(10000).Property(submenuVisibility),submenufilms)</visible>
			<property name="group">submenufilms</property>
			<property name="isSubmenu">True</property>
		</item>
		<item id="3">
			<property name="id">$NUMBER[3]</property>
			<property name="mainmenuid">1</property>
			<label>Zoeken (direct play)</label>
			<label2>Video add-on</label2>
			<icon>special://skin/extras/icons/addtile.png</icon>
			<thumb />
			<property name="labelID">zoeken-directplay</property>
			<property name="defaultID" />
			<onclick>ActivateWindow(Videos,"plugin://plugin.video.vip-easy2use.tv/?item_type=Movie&amp;mode=NEW_SEARCH",return)</onclick>
			<property name="path">ActivateWindow(Videos,"plugin://plugin.video.vip-easy2use.tv/?item_type=Movie&amp;mode=NEW_SEARCH",return)</property>
			<property name="list">plugin://plugin.video.vip-easy2use.tv/?item_type=Movie&amp;mode=NEW_SEARCH</property>
			<visible>[String.IsEqual(System.ProfileName,Master user)] + String.IsEqual(Window(10000).Property(submenuVisibility),submenufilms)</visible>
			<property name="group">submenufilms</property>
			<property name="isSubmenu">True</property>
		</item>
		<item id="4">
			<property name="id">$NUMBER[4]</property>
			<property name="mainmenuid">1</property>
			<label>Zoeken overige</label>
			<label2>Custom item</label2>
			<icon>special://skin/extras/icons/addtile.png</icon>
			<thumb />
			<property name="labelID">zoekenoverige</property>
			<property name="defaultID" />
			<onclick>ActivateWindow(10025,"plugin://plugin.video.uranus/?action=movieSearch",return)</onclick>
			<property name="path">ActivateWindow(10025,"plugin://plugin.video.uranus/?action=movieSearch",return)</property>
			<property name="list">plugin://plugin.video.uranus/?action=movieSearch</property>
			<visible>[String.IsEqual(System.ProfileName,Master user)] + String.IsEqual(Window(10000).Property(submenuVisibility),submenufilms)</visible>
			<property name="group">submenufilms</property>
			<property name="isSubmenu">True</property>
		</item>
	</include>
	<include name="skinshortcuts-group-submenuseries">
		<item id="1">
			<property name="id">$NUMBER[1]</property>
			<property name="mainmenuid">2</property>
			<label>Laatst toegevoegd</label>
			<label2>Video add-on</label2>
			<icon>special://skin/extras/icons/addtile.png</icon>
			<thumb />
			<property name="labelID">laatsttoegevoegd</property>
			<property name="defaultID" />
			<onclick>ActivateWindow(10025,"plugin://plugin.video.vip-easy2use.tv/?media_type=Episodes&amp;mode=GET_CONTENT&amp;name_format=Episode%7cepisode_name_format&amp;url=%7bserver%7d%2femby%2fUsers%2f%7buserid%7d%2fItems%3fParentId%3dbfd8445a64c947c9ae8a9e68bd705b4f%26Limit%3d%7bItemLimit%7d%26IsVirtualUnaired%3dfalse%26IsMissing%3dFalse%26Fields%3d%7bfield_filters%7d%26SortBy%3dDateCreated%26SortOrder%3dDescending%26Filters%3d%7bIsUnplayed%2c%7dIsNotFolder%26Recursive%3dtrue%26IncludeItemTypes%3dEpisode%26ImageTypeLimit%3d1%26format%3djson",return)</onclick>
			<property name="path">ActivateWindow(10025,"plugin://plugin.video.vip-easy2use.tv/?media_type=Episodes&amp;mode=GET_CONTENT&amp;name_format=Episode%7cepisode_name_format&amp;url=%7bserver%7d%2femby%2fUsers%2f%7buserid%7d%2fItems%3fParentId%3dbfd8445a64c947c9ae8a9e68bd705b4f%26Limit%3d%7bItemLimit%7d%26IsVirtualUnaired%3dfalse%26IsMissing%3dFalse%26Fields%3d%7bfield_filters%7d%26SortBy%3dDateCreated%26SortOrder%3dDescending%26Filters%3d%7bIsUnplayed%2c%7dIsNotFolder%26Recursive%3dtrue%26IncludeItemTypes%3dEpisode%26ImageTypeLimit%3d1%26format%3djson",return)</property>
			<property name="list">plugin://plugin.video.vip-easy2use.tv/?media_type=Episodes&amp;mode=GET_CONTENT&amp;name_format=Episode%7cepisode_name_format&amp;url=%7bserver%7d%2femby%2fUsers%2f%7buserid%7d%2fItems%3fParentId%3dbfd8445a64c947c9ae8a9e68bd705b4f%26Limit%3d%7bItemLimit%7d%26IsVirtualUnaired%3dfalse%26IsMissing%3dFalse%26Fields%3d%7bfield_filters%7d%26SortBy%3dDateCreated%26SortOrder%3dDescending%26Filters%3d%7bIsUnplayed%2c%7dIsNotFolder%26Recursive%3dtrue%26IncludeItemTypes%3dEpisode%26ImageTypeLimit%3d1%26format%3djson</property>
			<visible>String.IsEqual(System.ProfileName,Master user)</visible>
			<property name="group">submenuseries</property>
			<property name="isSubmenu">True</property>
		</item>
		<item id="2">
			<property name="id">$NUMBER[2]</property>
			<property name="mainmenuid">2</property>
			<label>Genre</label>
			<label2>Custom item</label2>
			<icon>special://skin/extras/icons/addtile.png</icon>
			<thumb />
			<property name="labelID">genre</property>
			<property name="defaultID" />
			<onclick>ActivateWindow(Videos,"plugin://plugin.video.embycon/?mode=GENRES&amp;item_type=tvshow&amp;",return)</onclick>
			<property name="path">ActivateWindow(Videos,"plugin://plugin.video.embycon/?mode=GENRES&amp;item_type=tvshow&amp;",return)</property>
			<property name="list">plugin://plugin.video.embycon/?mode=GENRES&amp;item_type=tvshow&amp;</property>
			<visible>String.IsEqual(System.ProfileName,Master user)</visible>
			<property name="group">submenuseries</property>
			<property name="isSubmenu">True</property>
		</item>
		<item id="3">
			<property name="id">$NUMBER[3]</property>
			<property name="mainmenuid">2</property>
			<label>Zoeken (direct play)</label>
			<label2>Custom item</label2>
			<icon>special://skin/extras/icons/addtile.png</icon>
			<thumb />
			<property name="labelID">zoeken-directplay</property>
			<property name="defaultID" />
			<onclick>ActivateWindow(Videos,"plugin://plugin.video.vip-easy2use.tv/?mode=NEW_SEARCH&amp;item_type=Series",return)</onclick>
			<property name="path">ActivateWindow(Videos,"plugin://plugin.video.vip-easy2use.tv/?mode=NEW_SEARCH&amp;item_type=Series",return)</property>
			<property name="list">plugin://plugin.video.vip-easy2use.tv/?mode=NEW_SEARCH&amp;item_type=Series</property>
			<visible>String.IsEqual(System.ProfileName,Master user)</visible>
			<property name="group">submenuseries</property>
			<property name="isSubmenu">True</property>
		</item>
		<item id="4">
			<property name="id">$NUMBER[4]</property>
			<property name="mainmenuid">2</property>
			<label>Zoeken overig</label>
			<label2>Custom item</label2>
			<icon>special://skin/extras/icons/addtile.png</icon>
			<thumb />
			<property name="labelID">zoekenoverig</property>
			<property name="defaultID" />
			<onclick>ActivateWindow(10025,"plugin://plugin.video.uranus/?action=tvSearch",return)</onclick>
			<property name="path">ActivateWindow(10025,"plugin://plugin.video.uranus/?action=tvSearch",return)</property>
			<property name="list">plugin://plugin.video.uranus/?action=tvSearch</property>
			<visible>String.IsEqual(System.ProfileName,Master user)</visible>
			<property name="group">submenuseries</property>
			<property name="isSubmenu">True</property>
		</item>
	</include>
	<include name="skinshortcuts-group-alt-submenuseries">
		<item id="1">
			<property name="id">$NUMBER[1]</property>
			<property name="mainmenuid">2</property>
			<label>Laatst toegevoegd</label>
			<label2>Video add-on</label2>
			<icon>special://skin/extras/icons/addtile.png</icon>
			<thumb />
			<property name="labelID">laatsttoegevoegd</property>
			<property name="defaultID" />
			<onclick>ActivateWindow(10025,"plugin://plugin.video.vip-easy2use.tv/?media_type=Episodes&amp;mode=GET_CONTENT&amp;name_format=Episode%7cepisode_name_format&amp;url=%7bserver%7d%2femby%2fUsers%2f%7buserid%7d%2fItems%3fParentId%3dbfd8445a64c947c9ae8a9e68bd705b4f%26Limit%3d%7bItemLimit%7d%26IsVirtualUnaired%3dfalse%26IsMissing%3dFalse%26Fields%3d%7bfield_filters%7d%26SortBy%3dDateCreated%26SortOrder%3dDescending%26Filters%3d%7bIsUnplayed%2c%7dIsNotFolder%26Recursive%3dtrue%26IncludeItemTypes%3dEpisode%26ImageTypeLimit%3d1%26format%3djson",return)</onclick>
			<property name="path">ActivateWindow(10025,"plugin://plugin.video.vip-easy2use.tv/?media_type=Episodes&amp;mode=GET_CONTENT&amp;name_format=Episode%7cepisode_name_format&amp;url=%7bserver%7d%2femby%2fUsers%2f%7buserid%7d%2fItems%3fParentId%3dbfd8445a64c947c9ae8a9e68bd705b4f%26Limit%3d%7bItemLimit%7d%26IsVirtualUnaired%3dfalse%26IsMissing%3dFalse%26Fields%3d%7bfield_filters%7d%26SortBy%3dDateCreated%26SortOrder%3dDescending%26Filters%3d%7bIsUnplayed%2c%7dIsNotFolder%26Recursive%3dtrue%26IncludeItemTypes%3dEpisode%26ImageTypeLimit%3d1%26format%3djson",return)</property>
			<property name="list">plugin://plugin.video.vip-easy2use.tv/?media_type=Episodes&amp;mode=GET_CONTENT&amp;name_format=Episode%7cepisode_name_format&amp;url=%7bserver%7d%2femby%2fUsers%2f%7buserid%7d%2fItems%3fParentId%3dbfd8445a64c947c9ae8a9e68bd705b4f%26Limit%3d%7bItemLimit%7d%26IsVirtualUnaired%3dfalse%26IsMissing%3dFalse%26Fields%3d%7bfield_filters%7d%26SortBy%3dDateCreated%26SortOrder%3dDescending%26Filters%3d%7bIsUnplayed%2c%7dIsNotFolder%26Recursive%3dtrue%26IncludeItemTypes%3dEpisode%26ImageTypeLimit%3d1%26format%3djson</property>
			<visible>[String.IsEqual(System.ProfileName,Master user)] + String.IsEqual(Window(10000).Property(submenuVisibility),submenuseries)</visible>
			<property name="group">submenuseries</property>
			<property name="isSubmenu">True</property>
		</item>
		<item id="2">
			<property name="id">$NUMBER[2]</property>
			<property name="mainmenuid">2</property>
			<label>Genre</label>
			<label2>Custom item</label2>
			<icon>special://skin/extras/icons/addtile.png</icon>
			<thumb />
			<property name="labelID">genre</property>
			<property name="defaultID" />
			<onclick>ActivateWindow(Videos,"plugin://plugin.video.embycon/?mode=GENRES&amp;item_type=tvshow&amp;",return)</onclick>
			<property name="path">ActivateWindow(Videos,"plugin://plugin.video.embycon/?mode=GENRES&amp;item_type=tvshow&amp;",return)</property>
			<property name="list">plugin://plugin.video.embycon/?mode=GENRES&amp;item_type=tvshow&amp;</property>
			<visible>[String.IsEqual(System.ProfileName,Master user)] + String.IsEqual(Window(10000).Property(submenuVisibility),submenuseries)</visible>
			<property name="group">submenuseries</property>
			<property name="isSubmenu">True</property>
		</item>
		<item id="3">
			<property name="id">$NUMBER[3]</property>
			<property name="mainmenuid">2</property>
			<label>Zoeken (direct play)</label>
			<label2>Custom item</label2>
			<icon>special://skin/extras/icons/addtile.png</icon>
			<thumb />
			<property name="labelID">zoeken-directplay</property>
			<property name="defaultID" />
			<onclick>ActivateWindow(Videos,"plugin://plugin.video.vip-easy2use.tv/?mode=NEW_SEARCH&amp;item_type=Series",return)</onclick>
			<property name="path">ActivateWindow(Videos,"plugin://plugin.video.vip-easy2use.tv/?mode=NEW_SEARCH&amp;item_type=Series",return)</property>
			<property name="list">plugin://plugin.video.vip-easy2use.tv/?mode=NEW_SEARCH&amp;item_type=Series</property>
			<visible>[String.IsEqual(System.ProfileName,Master user)] + String.IsEqual(Window(10000).Property(submenuVisibility),submenuseries)</visible>
			<property name="group">submenuseries</property>
			<property name="isSubmenu">True</property>
		</item>
		<item id="4">
			<property name="id">$NUMBER[4]</property>
			<property name="mainmenuid">2</property>
			<label>Zoeken overig</label>
			<label2>Custom item</label2>
			<icon>special://skin/extras/icons/addtile.png</icon>
			<thumb />
			<property name="labelID">zoekenoverig</property>
			<property name="defaultID" />
			<onclick>ActivateWindow(10025,"plugin://plugin.video.uranus/?action=tvSearch",return)</onclick>
			<property name="path">ActivateWindow(10025,"plugin://plugin.video.uranus/?action=tvSearch",return)</property>
			<property name="list">plugin://plugin.video.uranus/?action=tvSearch</property>
			<visible>[String.IsEqual(System.ProfileName,Master user)] + String.IsEqual(Window(10000).Property(submenuVisibility),submenuseries)</visible>
			<property name="group">submenuseries</property>
			<property name="isSubmenu">True</property>
		</item>
	</include>
	<include name="skinshortcuts-group-submenulivetv">
		<item id="1">
			<property name="id">$NUMBER[1]</property>
			<property name="mainmenuid">3</property>
			<label>Playlistloader</label>
			<label2>Custom item</label2>
			<icon>special://skin/extras/icons/addtile.png</icon>
			<thumb />
			<property name="labelID">plugin.video.playlistLoader</property>
			<property name="defaultID" />
			<onclick>ActivateWindow(Videos,"plugin://plugin.video.playlistLoader",return)</onclick>
			<property name="path">ActivateWindow(Videos,"plugin://plugin.video.playlistLoader",return)</property>
			<property name="list">plugin://plugin.video.playlistLoader</property>
			<visible>String.IsEqual(System.ProfileName,Master user)</visible>
			<property name="group">submenulivetv</property>
			<property name="isSubmenu">True</property>
		</item>
	</include>
	<include name="skinshortcuts-group-alt-submenulivetv">
		<item id="1">
			<property name="id">$NUMBER[1]</property>
			<property name="mainmenuid">3</property>
			<label>Playlistloader</label>
			<label2>Custom item</label2>
			<icon>special://skin/extras/icons/addtile.png</icon>
			<thumb />
			<property name="labelID">plugin.video.playlistLoader</property>
			<property name="defaultID" />
			<onclick>ActivateWindow(Videos,"plugin://plugin.video.playlistLoader",return)</onclick>
			<property name="path">ActivateWindow(Videos,"plugin://plugin.video.playlistLoader",return)</property>
			<property name="list">plugin://plugin.video.playlistLoader</property>
			<visible>[String.IsEqual(System.ProfileName,Master user)] + String.IsEqual(Window(10000).Property(submenuVisibility),submenulivetv)</visible>
			<property name="group">submenulivetv</property>
			<property name="isSubmenu">True</property>
		</item>
	</include>
	<include name="skinshortcuts-group-submenukids">
		<description>No items</description>
	</include>
	<include name="skinshortcuts-group-alt-submenukids">
		<description>No items</description>
	</include>
	<include name="skinshortcuts-group-submenusport">
		<item id="1">
			<property name="id">$NUMBER[1]</property>
			<property name="mainmenuid">5</property>
			<label>NL Sport</label>
			<label2>Custom item</label2>
			<icon>special://skin/extras/icons/addtile.png</icon>
			<thumb />
			<property name="labelID">plugin.video.sport</property>
			<property name="defaultID" />
			<onclick>ActivateWindow(Videos,"plugin://plugin.video.sport",return)</onclick>
			<property name="path">ActivateWindow(Videos,"plugin://plugin.video.sport",return)</property>
			<property name="list">plugin://plugin.video.sport</property>
			<visible>String.IsEqual(System.ProfileName,Master user)</visible>
			<property name="group">submenusport</property>
			<property name="isSubmenu">True</property>
		</item>
		<item id="2">
			<property name="id">$NUMBER[2]</property>
			<property name="mainmenuid">5</property>
			<label>Sport</label>
			<label2>Custom item</label2>
			<icon>special://skin/extras/icons/addtile.png</icon>
			<thumb />
			<property name="labelID">plugin.video.sport--0</property>
			<property name="defaultID" />
			<onclick>ActivateWindow(Videos,"plugin://plugin.video.sport",return)</onclick>
			<property name="path">ActivateWindow(Videos,"plugin://plugin.video.sport",return)</property>
			<property name="list">plugin://plugin.video.sport</property>
			<visible>String.IsEqual(System.ProfileName,Master user)</visible>
			<property name="group">submenusport</property>
			<property name="isSubmenu">True</property>
		</item>
		<item id="3">
			<property name="id">$NUMBER[3]</property>
			<property name="mainmenuid">5</property>
			<label>Extreme sports</label>
			<label2>Custom item</label2>
			<icon>special://skin/extras/icons/addtile.png</icon>
			<thumb />
			<property name="labelID">plugin.video.sport--1</property>
			<property name="defaultID" />
			<onclick>ActivateWindow(Videos,"plugin://plugin.video.sport",return)</onclick>
			<property name="path">ActivateWindow(Videos,"plugin://plugin.video.sport",return)</property>
			<property name="list">plugin://plugin.video.sport</property>
			<visible>String.IsEqual(System.ProfileName,Master user)</visible>
			<property name="group">submenusport</property>
			<property name="isSubmenu">True</property>
		</item>
	</include>
	<include name="skinshortcuts-group-alt-submenusport">
		<item id="1">
			<property name="id">$NUMBER[1]</property>
			<property name="mainmenuid">5</property>
			<label>NL Sport</label>
			<label2>Custom item</label2>
			<icon>special://skin/extras/icons/addtile.png</icon>
			<thumb />
			<property name="labelID">plugin.video.sport</property>
			<property name="defaultID" />
			<onclick>ActivateWindow(Videos,"plugin://plugin.video.sport",return)</onclick>
			<property name="path">ActivateWindow(Videos,"plugin://plugin.video.sport",return)</property>
			<property name="list">plugin://plugin.video.sport</property>
			<visible>[String.IsEqual(System.ProfileName,Master user)] + String.IsEqual(Window(10000).Property(submenuVisibility),submenusport)</visible>
			<property name="group">submenusport</property>
			<property name="isSubmenu">True</property>
		</item>
		<item id="2">
			<property name="id">$NUMBER[2]</property>
			<property name="mainmenuid">5</property>
			<label>Sport</label>
			<label2>Custom item</label2>
			<icon>special://skin/extras/icons/addtile.png</icon>
			<thumb />
			<property name="labelID">plugin.video.sport--0</property>
			<property name="defaultID" />
			<onclick>ActivateWindow(Videos,"plugin://plugin.video.sport",return)</onclick>
			<property name="path">ActivateWindow(Videos,"plugin://plugin.video.sport",return)</property>
			<property name="list">plugin://plugin.video.sport</property>
			<visible>[String.IsEqual(System.ProfileName,Master user)] + String.IsEqual(Window(10000).Property(submenuVisibility),submenusport)</visible>
			<property name="group">submenusport</property>
			<property name="isSubmenu">True</property>
		</item>
		<item id="3">
			<property name="id">$NUMBER[3]</property>
			<property name="mainmenuid">5</property>
			<label>Extreme sports</label>
			<label2>Custom item</label2>
			<icon>special://skin/extras/icons/addtile.png</icon>
			<thumb />
			<property name="labelID">plugin.video.sport--1</property>
			<property name="defaultID" />
			<onclick>ActivateWindow(Videos,"plugin://plugin.video.sport",return)</onclick>
			<property name="path">ActivateWindow(Videos,"plugin://plugin.video.sport",return)</property>
			<property name="list">plugin://plugin.video.sport</property>
			<visible>[String.IsEqual(System.ProfileName,Master user)] + String.IsEqual(Window(10000).Property(submenuVisibility),submenusport)</visible>
			<property name="group">submenusport</property>
			<property name="isSubmenu">True</property>
		</item>
	</include>
	<include name="skinshortcuts-group-submenuuitzendinggemist">
		<description>No items</description>
	</include>
	<include name="skinshortcuts-group-alt-submenuuitzendinggemist">
		<description>No items</description>
	</include>
	<include name="skinshortcuts-group-submenufavorieten">
		<item id="1">
			<property name="id">$NUMBER[1]</property>
			<property name="mainmenuid">7</property>
			<label>Addons overzicht</label>
			<label2>Custom item</label2>
			<icon>special://skin/extras/icons/addtile.png</icon>
			<thumb />
			<property name="labelID">addonsoverzicht</property>
			<property name="defaultID" />
			<onclick>ActivateWindow(10040,"addons://user/xbmc.addon.video",return)</onclick>
			<property name="path">ActivateWindow(10040,"addons://user/xbmc.addon.video",return)</property>
			<property name="list">addons://user/xbmc.addon.video</property>
			<visible>String.IsEqual(System.ProfileName,Master user)</visible>
			<property name="group">submenufavorieten</property>
			<property name="isSubmenu">True</property>
		</item>
		<item id="2">
			<property name="id">$NUMBER[2]</property>
			<property name="mainmenuid">7</property>
			<label>Addons zoeken en installeren)</label>
			<label2>Custom item</label2>
			<icon>special://skin/extras/icons/addtile.png</icon>
			<thumb />
			<property name="labelID">addonszoekeneninstalleren</property>
			<property name="defaultID" />
			<onclick>ActivateWindow(10040,"addons://search/",return)</onclick>
			<property name="path">ActivateWindow(10040,"addons://search/",return)</property>
			<property name="list">addons://search/</property>
			<visible>String.IsEqual(System.ProfileName,Master user)</visible>
			<property name="group">submenufavorieten</property>
			<property name="isSubmenu">True</property>
		</item>
	</include>
	<include name="skinshortcuts-group-alt-submenufavorieten">
		<item id="1">
			<property name="id">$NUMBER[1]</property>
			<property name="mainmenuid">7</property>
			<label>Addons overzicht</label>
			<label2>Custom item</label2>
			<icon>special://skin/extras/icons/addtile.png</icon>
			<thumb />
			<property name="labelID">addonsoverzicht</property>
			<property name="defaultID" />
			<onclick>ActivateWindow(10040,"addons://user/xbmc.addon.video",return)</onclick>
			<property name="path">ActivateWindow(10040,"addons://user/xbmc.addon.video",return)</property>
			<property name="list">addons://user/xbmc.addon.video</property>
			<visible>[String.IsEqual(System.ProfileName,Master user)] + String.IsEqual(Window(10000).Property(submenuVisibility),submenufavorieten)</visible>
			<property name="group">submenufavorieten</property>
			<property name="isSubmenu">True</property>
		</item>
		<item id="2">
			<property name="id">$NUMBER[2]</property>
			<property name="mainmenuid">7</property>
			<label>Addons zoeken en installeren)</label>
			<label2>Custom item</label2>
			<icon>special://skin/extras/icons/addtile.png</icon>
			<thumb />
			<property name="labelID">addonszoekeneninstalleren</property>
			<property name="defaultID" />
			<onclick>ActivateWindow(10040,"addons://search/",return)</onclick>
			<property name="path">ActivateWindow(10040,"addons://search/",return)</property>
			<property name="list">addons://search/</property>
			<visible>[String.IsEqual(System.ProfileName,Master user)] + String.IsEqual(Window(10000).Property(submenuVisibility),submenufavorieten)</visible>
			<property name="group">submenufavorieten</property>
			<property name="isSubmenu">True</property>
		</item>
	</include>
	<include name="skinshortcuts-group-submenumuziek">
		<item id="1">
			<property name="id">$NUMBER[1]</property>
			<property name="mainmenuid">8</property>
			<label>TuneIn</label>
			<label2>Video add-on</label2>
			<icon>special://skin/extras/icons/addtile.png</icon>
			<thumb>image://http%3a%2f%2feasyuse.tv%3a8096%2femby%2fItems%2faf71c681da609e9be4975068f35e0328%2fImages%2fPrimary%2f0%3fFormat%3doriginal%26Tag%3d1120c7e2946a17ae25b43ab49181076a/</thumb>
			<property name="labelID">tunein</property>
			<property name="defaultID" />
			<onclick>ActivateWindow(10025,"plugin://plugin.video.vip-easy2use.tv/?url=%7Bserver%7D/emby/Users/%7Buserid%7D/Items%3FParentId%3Daf71c681da609e9be4975068f35e0328%26IsVirtualUnaired%3Dfalse%26IsMissing%3DFalse%26Fields%3D%7Bfield_filters%7D%26ImageTypeLimit%3D1%26format%3Djson&amp;mode=GET_CONTENT&amp;media_type=files&amp;name_format=Episode%7Cepisode_name_format",return)</onclick>
			<property name="path">ActivateWindow(10025,"plugin://plugin.video.vip-easy2use.tv/?url=%7Bserver%7D/emby/Users/%7Buserid%7D/Items%3FParentId%3Daf71c681da609e9be4975068f35e0328%26IsVirtualUnaired%3Dfalse%26IsMissing%3DFalse%26Fields%3D%7Bfield_filters%7D%26ImageTypeLimit%3D1%26format%3Djson&amp;mode=GET_CONTENT&amp;media_type=files&amp;name_format=Episode%7Cepisode_name_format",return)</property>
			<property name="list">plugin://plugin.video.vip-easy2use.tv/?url=%7Bserver%7D/emby/Users/%7Buserid%7D/Items%3FParentId%3Daf71c681da609e9be4975068f35e0328%26IsVirtualUnaired%3Dfalse%26IsMissing%3DFalse%26Fields%3D%7Bfield_filters%7D%26ImageTypeLimit%3D1%26format%3Djson&amp;mode=GET_CONTENT&amp;media_type=files&amp;name_format=Episode%7Cepisode_name_format</property>
			<visible>String.IsEqual(System.ProfileName,Master user)</visible>
			<property name="group">submenumuziek</property>
			<property name="isSubmenu">True</property>
		</item>
	</include>
	<include name="skinshortcuts-group-alt-submenumuziek">
		<item id="1">
			<property name="id">$NUMBER[1]</property>
			<property name="mainmenuid">8</property>
			<label>TuneIn</label>
			<label2>Video add-on</label2>
			<icon>special://skin/extras/icons/addtile.png</icon>
			<thumb>image://http%3a%2f%2feasyuse.tv%3a8096%2femby%2fItems%2faf71c681da609e9be4975068f35e0328%2fImages%2fPrimary%2f0%3fFormat%3doriginal%26Tag%3d1120c7e2946a17ae25b43ab49181076a/</thumb>
			<property name="labelID">tunein</property>
			<property name="defaultID" />
			<onclick>ActivateWindow(10025,"plugin://plugin.video.vip-easy2use.tv/?url=%7Bserver%7D/emby/Users/%7Buserid%7D/Items%3FParentId%3Daf71c681da609e9be4975068f35e0328%26IsVirtualUnaired%3Dfalse%26IsMissing%3DFalse%26Fields%3D%7Bfield_filters%7D%26ImageTypeLimit%3D1%26format%3Djson&amp;mode=GET_CONTENT&amp;media_type=files&amp;name_format=Episode%7Cepisode_name_format",return)</onclick>
			<property name="path">ActivateWindow(10025,"plugin://plugin.video.vip-easy2use.tv/?url=%7Bserver%7D/emby/Users/%7Buserid%7D/Items%3FParentId%3Daf71c681da609e9be4975068f35e0328%26IsVirtualUnaired%3Dfalse%26IsMissing%3DFalse%26Fields%3D%7Bfield_filters%7D%26ImageTypeLimit%3D1%26format%3Djson&amp;mode=GET_CONTENT&amp;media_type=files&amp;name_format=Episode%7Cepisode_name_format",return)</property>
			<property name="list">plugin://plugin.video.vip-easy2use.tv/?url=%7Bserver%7D/emby/Users/%7Buserid%7D/Items%3FParentId%3Daf71c681da609e9be4975068f35e0328%26IsVirtualUnaired%3Dfalse%26IsMissing%3DFalse%26Fields%3D%7Bfield_filters%7D%26ImageTypeLimit%3D1%26format%3Djson&amp;mode=GET_CONTENT&amp;media_type=files&amp;name_format=Episode%7Cepisode_name_format</property>
			<visible>[String.IsEqual(System.ProfileName,Master user)] + String.IsEqual(Window(10000).Property(submenuVisibility),submenumuziek)</visible>
			<property name="group">submenumuziek</property>
			<property name="isSubmenu">True</property>
		</item>
	</include>
	<include name="skinshortcuts-group-submenuyoutube">
		<description>No items</description>
	</include>
	<include name="skinshortcuts-group-alt-submenuyoutube">
		<description>No items</description>
	</include>
	<include name="skinshortcuts-group-submenuxxx">
		<item id="1">
			<property name="id">$NUMBER[1]</property>
			<property name="mainmenuid">10</property>
			<label>[COLOR red]New[/COLOR] Video Devil</label>
			<label2>Custom item</label2>
			<icon>special://skin/extras/icons/addtile.png</icon>
			<thumb />
			<property name="labelID">plugin.video.videodevil</property>
			<property name="defaultID" />
			<onclick>ActivateWindow(Videos,"plugin://plugin.video.videodevil",return)</onclick>
			<property name="path">ActivateWindow(Videos,"plugin://plugin.video.videodevil",return)</property>
			<property name="list">plugin://plugin.video.videodevil</property>
			<visible>String.IsEqual(System.ProfileName,Master user)</visible>
			<property name="group">submenuxxx</property>
			<property name="isSubmenu">True</property>
		</item>
		<item id="2">
			<property name="id">$NUMBER[2]</property>
			<property name="mainmenuid">10</property>
			<label>Scenes</label>
			<label2>Custom item</label2>
			<icon>special://skin/extras/icons/addtile.png</icon>
			<thumb />
			<property name="labelID">scenes</property>
			<property name="defaultID" />
			<onclick>ActivateWindow(Videos,"plugin://plugin.video.uwc/?url=&amp;mode=1&amp;page=&amp;channel=None&amp;section=None&amp;keyword=&amp;name=%5BCOLOR+hotpink%5DWhitecream%5B%2FCOLOR%5D+%5BCOLOR+white%5DScenes%5B%2FCOLOR%5D",return)</onclick>
			<property name="path">ActivateWindow(Videos,"plugin://plugin.video.uwc/?url=&amp;mode=1&amp;page=&amp;channel=None&amp;section=None&amp;keyword=&amp;name=%5BCOLOR+hotpink%5DWhitecream%5B%2FCOLOR%5D+%5BCOLOR+white%5DScenes%5B%2FCOLOR%5D",return)</property>
			<property name="list">plugin://plugin.video.uwc/?url=&amp;mode=1&amp;page=&amp;channel=None&amp;section=None&amp;keyword=&amp;name=%5BCOLOR+hotpink%5DWhitecream%5B%2FCOLOR%5D+%5BCOLOR+white%5DScenes%5B%2FCOLOR%5D</property>
			<visible>String.IsEqual(System.ProfileName,Master user)</visible>
			<property name="group">submenuxxx</property>
			<property name="isSubmenu">True</property>
		</item>
		<item id="3">
			<property name="id">$NUMBER[3]</property>
			<property name="mainmenuid">10</property>
			<label>Movies</label>
			<label2>Custom item</label2>
			<icon>special://skin/extras/icons/addtile.png</icon>
			<thumb />
			<property name="labelID">movies</property>
			<property name="defaultID" />
			<onclick>ActivateWindow(Videos,"plugin://plugin.video.uwc/?url=&amp;mode=2&amp;page=&amp;channel=None&amp;section=None&amp;keyword=&amp;name=%5BCOLOR+hotpink%5DWhitecream%5B%2FCOLOR%5D+%5BCOLOR+white%5DMovies%5B%2FCOLOR%5D",return)</onclick>
			<property name="path">ActivateWindow(Videos,"plugin://plugin.video.uwc/?url=&amp;mode=2&amp;page=&amp;channel=None&amp;section=None&amp;keyword=&amp;name=%5BCOLOR+hotpink%5DWhitecream%5B%2FCOLOR%5D+%5BCOLOR+white%5DMovies%5B%2FCOLOR%5D",return)</property>
			<property name="list">plugin://plugin.video.uwc/?url=&amp;mode=2&amp;page=&amp;channel=None&amp;section=None&amp;keyword=&amp;name=%5BCOLOR+hotpink%5DWhitecream%5B%2FCOLOR%5D+%5BCOLOR+white%5DMovies%5B%2FCOLOR%5D</property>
			<visible>String.IsEqual(System.ProfileName,Master user)</visible>
			<property name="group">submenuxxx</property>
			<property name="isSubmenu">True</property>
		</item>
		<item id="4">
			<property name="id">$NUMBER[4]</property>
			<property name="mainmenuid">10</property>
			<label>Hentai</label>
			<label2>Custom item</label2>
			<icon>special://skin/extras/icons/addtile.png</icon>
			<thumb />
			<property name="labelID">hentai</property>
			<property name="defaultID" />
			<onclick>ActivateWindow(Videos,"plugin://plugin.video.uwc/?url=&amp;mode=3&amp;page=&amp;channel=None&amp;section=None&amp;keyword=&amp;name=%5BCOLOR+hotpink%5DWhitecream%5B%2FCOLOR%5D+%5BCOLOR+white%5DHentai%5B%2FCOLOR%5D",return)</onclick>
			<property name="path">ActivateWindow(Videos,"plugin://plugin.video.uwc/?url=&amp;mode=3&amp;page=&amp;channel=None&amp;section=None&amp;keyword=&amp;name=%5BCOLOR+hotpink%5DWhitecream%5B%2FCOLOR%5D+%5BCOLOR+white%5DHentai%5B%2FCOLOR%5D",return)</property>
			<property name="list">plugin://plugin.video.uwc/?url=&amp;mode=3&amp;page=&amp;channel=None&amp;section=None&amp;keyword=&amp;name=%5BCOLOR+hotpink%5DWhitecream%5B%2FCOLOR%5D+%5BCOLOR+white%5DHentai%5B%2FCOLOR%5D</property>
			<visible>String.IsEqual(System.ProfileName,Master user)</visible>
			<property name="group">submenuxxx</property>
			<property name="isSubmenu">True</property>
		</item>
		<item id="5">
			<property name="id">$NUMBER[5]</property>
			<property name="mainmenuid">10</property>
			<label>Tubes</label>
			<label2>Custom item</label2>
			<icon>special://skin/extras/icons/addtile.png</icon>
			<thumb />
			<property name="labelID">tubes</property>
			<property name="defaultID" />
			<onclick>ActivateWindow(Videos,"plugin://plugin.video.uwc/?url=&amp;mode=6&amp;page=&amp;channel=None&amp;section=None&amp;keyword=&amp;name=%5BCOLOR+hotpink%5DWhitecream%5B%2FCOLOR%5D+%5BCOLOR+white%5DTubes%5B%2FCOLOR%5D",return)</onclick>
			<property name="path">ActivateWindow(Videos,"plugin://plugin.video.uwc/?url=&amp;mode=6&amp;page=&amp;channel=None&amp;section=None&amp;keyword=&amp;name=%5BCOLOR+hotpink%5DWhitecream%5B%2FCOLOR%5D+%5BCOLOR+white%5DTubes%5B%2FCOLOR%5D",return)</property>
			<property name="list">plugin://plugin.video.uwc/?url=&amp;mode=6&amp;page=&amp;channel=None&amp;section=None&amp;keyword=&amp;name=%5BCOLOR+hotpink%5DWhitecream%5B%2FCOLOR%5D+%5BCOLOR+white%5DTubes%5B%2FCOLOR%5D</property>
			<visible>String.IsEqual(System.ProfileName,Master user)</visible>
			<property name="group">submenuxxx</property>
			<property name="isSubmenu">True</property>
		</item>
		<item id="6">
			<property name="id">$NUMBER[6]</property>
			<property name="mainmenuid">10</property>
			<label>Webams&amp;streams</label>
			<label2>Custom item</label2>
			<icon>special://skin/extras/icons/addtile.png</icon>
			<thumb />
			<property name="labelID">webams-streams</property>
			<property name="defaultID" />
			<onclick>ActivateWindow(Videos,"plugin://plugin.video.uwc/?url=&amp;mode=7&amp;page=&amp;channel=None&amp;section=None&amp;keyword=&amp;name=%5BCOLOR+hotpink%5DWhitecream%5B%2FCOLOR%5D+%5BCOLOR+white%5DWebcams+%26+Streams%5B%2FCOLOR%5D",return)</onclick>
			<property name="path">ActivateWindow(Videos,"plugin://plugin.video.uwc/?url=&amp;mode=7&amp;page=&amp;channel=None&amp;section=None&amp;keyword=&amp;name=%5BCOLOR+hotpink%5DWhitecream%5B%2FCOLOR%5D+%5BCOLOR+white%5DWebcams+%26+Streams%5B%2FCOLOR%5D",return)</property>
			<property name="list">plugin://plugin.video.uwc/?url=&amp;mode=7&amp;page=&amp;channel=None&amp;section=None&amp;keyword=&amp;name=%5BCOLOR+hotpink%5DWhitecream%5B%2FCOLOR%5D+%5BCOLOR+white%5DWebcams+%26+Streams%5B%2FCOLOR%5D</property>
			<visible>String.IsEqual(System.ProfileName,Master user)</visible>
			<property name="group">submenuxxx</property>
			<property name="isSubmenu">True</property>
		</item>
	</include>
	<include name="skinshortcuts-group-alt-submenuxxx">
		<item id="1">
			<property name="id">$NUMBER[1]</property>
			<property name="mainmenuid">10</property>
			<label>[COLOR red]New[/COLOR] Video Devil</label>
			<label2>Custom item</label2>
			<icon>special://skin/extras/icons/addtile.png</icon>
			<thumb />
			<property name="labelID">plugin.video.videodevil</property>
			<property name="defaultID" />
			<onclick>ActivateWindow(Videos,"plugin://plugin.video.videodevil",return)</onclick>
			<property name="path">ActivateWindow(Videos,"plugin://plugin.video.videodevil",return)</property>
			<property name="list">plugin://plugin.video.videodevil</property>
			<visible>[String.IsEqual(System.ProfileName,Master user)] + String.IsEqual(Window(10000).Property(submenuVisibility),submenuxxx)</visible>
			<property name="group">submenuxxx</property>
			<property name="isSubmenu">True</property>
		</item>
		<item id="2">
			<property name="id">$NUMBER[2]</property>
			<property name="mainmenuid">10</property>
			<label>Scenes</label>
			<label2>Custom item</label2>
			<icon>special://skin/extras/icons/addtile.png</icon>
			<thumb />
			<property name="labelID">scenes</property>
			<property name="defaultID" />
			<onclick>ActivateWindow(Videos,"plugin://plugin.video.uwc/?url=&amp;mode=1&amp;page=&amp;channel=None&amp;section=None&amp;keyword=&amp;name=%5BCOLOR+hotpink%5DWhitecream%5B%2FCOLOR%5D+%5BCOLOR+white%5DScenes%5B%2FCOLOR%5D",return)</onclick>
			<property name="path">ActivateWindow(Videos,"plugin://plugin.video.uwc/?url=&amp;mode=1&amp;page=&amp;channel=None&amp;section=None&amp;keyword=&amp;name=%5BCOLOR+hotpink%5DWhitecream%5B%2FCOLOR%5D+%5BCOLOR+white%5DScenes%5B%2FCOLOR%5D",return)</property>
			<property name="list">plugin://plugin.video.uwc/?url=&amp;mode=1&amp;page=&amp;channel=None&amp;section=None&amp;keyword=&amp;name=%5BCOLOR+hotpink%5DWhitecream%5B%2FCOLOR%5D+%5BCOLOR+white%5DScenes%5B%2FCOLOR%5D</property>
			<visible>[String.IsEqual(System.ProfileName,Master user)] + String.IsEqual(Window(10000).Property(submenuVisibility),submenuxxx)</visible>
			<property name="group">submenuxxx</property>
			<property name="isSubmenu">True</property>
		</item>
		<item id="3">
			<property name="id">$NUMBER[3]</property>
			<property name="mainmenuid">10</property>
			<label>Movies</label>
			<label2>Custom item</label2>
			<icon>special://skin/extras/icons/addtile.png</icon>
			<thumb />
			<property name="labelID">movies</property>
			<property name="defaultID" />
			<onclick>ActivateWindow(Videos,"plugin://plugin.video.uwc/?url=&amp;mode=2&amp;page=&amp;channel=None&amp;section=None&amp;keyword=&amp;name=%5BCOLOR+hotpink%5DWhitecream%5B%2FCOLOR%5D+%5BCOLOR+white%5DMovies%5B%2FCOLOR%5D",return)</onclick>
			<property name="path">ActivateWindow(Videos,"plugin://plugin.video.uwc/?url=&amp;mode=2&amp;page=&amp;channel=None&amp;section=None&amp;keyword=&amp;name=%5BCOLOR+hotpink%5DWhitecream%5B%2FCOLOR%5D+%5BCOLOR+white%5DMovies%5B%2FCOLOR%5D",return)</property>
			<property name="list">plugin://plugin.video.uwc/?url=&amp;mode=2&amp;page=&amp;channel=None&amp;section=None&amp;keyword=&amp;name=%5BCOLOR+hotpink%5DWhitecream%5B%2FCOLOR%5D+%5BCOLOR+white%5DMovies%5B%2FCOLOR%5D</property>
			<visible>[String.IsEqual(System.ProfileName,Master user)] + String.IsEqual(Window(10000).Property(submenuVisibility),submenuxxx)</visible>
			<property name="group">submenuxxx</property>
			<property name="isSubmenu">True</property>
		</item>
		<item id="4">
			<property name="id">$NUMBER[4]</property>
			<property name="mainmenuid">10</property>
			<label>Hentai</label>
			<label2>Custom item</label2>
			<icon>special://skin/extras/icons/addtile.png</icon>
			<thumb />
			<property name="labelID">hentai</property>
			<property name="defaultID" />
			<onclick>ActivateWindow(Videos,"plugin://plugin.video.uwc/?url=&amp;mode=3&amp;page=&amp;channel=None&amp;section=None&amp;keyword=&amp;name=%5BCOLOR+hotpink%5DWhitecream%5B%2FCOLOR%5D+%5BCOLOR+white%5DHentai%5B%2FCOLOR%5D",return)</onclick>
			<property name="path">ActivateWindow(Videos,"plugin://plugin.video.uwc/?url=&amp;mode=3&amp;page=&amp;channel=None&amp;section=None&amp;keyword=&amp;name=%5BCOLOR+hotpink%5DWhitecream%5B%2FCOLOR%5D+%5BCOLOR+white%5DHentai%5B%2FCOLOR%5D",return)</property>
			<property name="list">plugin://plugin.video.uwc/?url=&amp;mode=3&amp;page=&amp;channel=None&amp;section=None&amp;keyword=&amp;name=%5BCOLOR+hotpink%5DWhitecream%5B%2FCOLOR%5D+%5BCOLOR+white%5DHentai%5B%2FCOLOR%5D</property>
			<visible>[String.IsEqual(System.ProfileName,Master user)] + String.IsEqual(Window(10000).Property(submenuVisibility),submenuxxx)</visible>
			<property name="group">submenuxxx</property>
			<property name="isSubmenu">True</property>
		</item>
		<item id="5">
			<property name="id">$NUMBER[5]</property>
			<property name="mainmenuid">10</property>
			<label>Tubes</label>
			<label2>Custom item</label2>
			<icon>special://skin/extras/icons/addtile.png</icon>
			<thumb />
			<property name="labelID">tubes</property>
			<property name="defaultID" />
			<onclick>ActivateWindow(Videos,"plugin://plugin.video.uwc/?url=&amp;mode=6&amp;page=&amp;channel=None&amp;section=None&amp;keyword=&amp;name=%5BCOLOR+hotpink%5DWhitecream%5B%2FCOLOR%5D+%5BCOLOR+white%5DTubes%5B%2FCOLOR%5D",return)</onclick>
			<property name="path">ActivateWindow(Videos,"plugin://plugin.video.uwc/?url=&amp;mode=6&amp;page=&amp;channel=None&amp;section=None&amp;keyword=&amp;name=%5BCOLOR+hotpink%5DWhitecream%5B%2FCOLOR%5D+%5BCOLOR+white%5DTubes%5B%2FCOLOR%5D",return)</property>
			<property name="list">plugin://plugin.video.uwc/?url=&amp;mode=6&amp;page=&amp;channel=None&amp;section=None&amp;keyword=&amp;name=%5BCOLOR+hotpink%5DWhitecream%5B%2FCOLOR%5D+%5BCOLOR+white%5DTubes%5B%2FCOLOR%5D</property>
			<visible>[String.IsEqual(System.ProfileName,Master user)] + String.IsEqual(Window(10000).Property(submenuVisibility),submenuxxx)</visible>
			<property name="group">submenuxxx</property>
			<property name="isSubmenu">True</property>
		</item>
		<item id="6">
			<property name="id">$NUMBER[6]</property>
			<property name="mainmenuid">10</property>
			<label>Webams&amp;streams</label>
			<label2>Custom item</label2>
			<icon>special://skin/extras/icons/addtile.png</icon>
			<thumb />
			<property name="labelID">webams-streams</property>
			<property name="defaultID" />
			<onclick>ActivateWindow(Videos,"plugin://plugin.video.uwc/?url=&amp;mode=7&amp;page=&amp;channel=None&amp;section=None&amp;keyword=&amp;name=%5BCOLOR+hotpink%5DWhitecream%5B%2FCOLOR%5D+%5BCOLOR+white%5DWebcams+%26+Streams%5B%2FCOLOR%5D",return)</onclick>
			<property name="path">ActivateWindow(Videos,"plugin://plugin.video.uwc/?url=&amp;mode=7&amp;page=&amp;channel=None&amp;section=None&amp;keyword=&amp;name=%5BCOLOR+hotpink%5DWhitecream%5B%2FCOLOR%5D+%5BCOLOR+white%5DWebcams+%26+Streams%5B%2FCOLOR%5D",return)</property>
			<property name="list">plugin://plugin.video.uwc/?url=&amp;mode=7&amp;page=&amp;channel=None&amp;section=None&amp;keyword=&amp;name=%5BCOLOR+hotpink%5DWhitecream%5B%2FCOLOR%5D+%5BCOLOR+white%5DWebcams+%26+Streams%5B%2FCOLOR%5D</property>
			<visible>[String.IsEqual(System.ProfileName,Master user)] + String.IsEqual(Window(10000).Property(submenuVisibility),submenuxxx)</visible>
			<property name="group">submenuxxx</property>
			<property name="isSubmenu">True</property>
		</item>
	</include>
	<include name="skinshortcuts-group-submenuinstellingen">
		<item id="1">
			<property name="id">$NUMBER[1]</property>
			<property name="mainmenuid">11</property>
			<label>$LOCALIZE[10004]</label>
			<label2>Common menu item</label2>
			<icon>special://skin/extras/icons/settings.png</icon>
			<thumb />
			<property name="labelID">settings</property>
			<property name="defaultID">settings</property>
			<onclick>ActivateWindow(Settings)</onclick>
			<property name="path">ActivateWindow(Settings)</property>
			<property name="list">Settings</property>
			<visible>String.IsEqual(System.ProfileName,Master user)</visible>
			<property name="group">submenuinstellingen</property>
			<property name="isSubmenu">True</property>
		</item>
		<item id="2">
			<property name="id">$NUMBER[2]</property>
			<property name="mainmenuid">11</property>
			<label>Speedtest</label>
			<label2>Custom item</label2>
			<icon>special://skin/extras/icons/addtile.png</icon>
			<thumb />
			<property name="labelID">script.speedtestnet</property>
			<property name="defaultID" />
			<onclick>RunAddOn(script.speedtestnet)</onclick>
			<property name="path">RunAddOn(script.speedtestnet)</property>
			<property name="list">RunAddOn(script.speedtestnet)</property>
			<visible>String.IsEqual(System.ProfileName,Master user)</visible>
			<property name="group">submenuinstellingen</property>
			<property name="isSubmenu">True</property>
		</item>
	</include>
	<include name="skinshortcuts-group-alt-submenuinstellingen">
		<item id="1">
			<property name="id">$NUMBER[1]</property>
			<property name="mainmenuid">11</property>
			<label>$LOCALIZE[10004]</label>
			<label2>Common menu item</label2>
			<icon>special://skin/extras/icons/settings.png</icon>
			<thumb />
			<property name="labelID">settings</property>
			<property name="defaultID">settings</property>
			<onclick>ActivateWindow(Settings)</onclick>
			<property name="path">ActivateWindow(Settings)</property>
			<property name="list">Settings</property>
			<visible>[String.IsEqual(System.ProfileName,Master user)] + String.IsEqual(Window(10000).Property(submenuVisibility),submenuinstellingen)</visible>
			<property name="group">submenuinstellingen</property>
			<property name="isSubmenu">True</property>
		</item>
		<item id="2">
			<property name="id">$NUMBER[2]</property>
			<property name="mainmenuid">11</property>
			<label>Speedtest</label>
			<label2>Custom item</label2>
			<icon>special://skin/extras/icons/addtile.png</icon>
			<thumb />
			<property name="labelID">script.speedtestnet</property>
			<property name="defaultID" />
			<onclick>RunAddOn(script.speedtestnet)</onclick>
			<property name="path">RunAddOn(script.speedtestnet)</property>
			<property name="list">RunAddOn(script.speedtestnet)</property>
			<visible>[String.IsEqual(System.ProfileName,Master user)] + String.IsEqual(Window(10000).Property(submenuVisibility),submenuinstellingen)</visible>
			<property name="group">submenuinstellingen</property>
			<property name="isSubmenu">True</property>
		</item>
	</include>
	<include name="skinshortcuts-group-submenupower">
		<description>No items</description>
	</include>
	<include name="skinshortcuts-group-alt-submenupower">
		<description>No items</description>
	</include>
</includes>
