<?xml version="1.0" encoding="UTF-8"?>
<!-- Foundation -->
<window id="12">
    <defaultcontrol always="true">3</defaultcontrol>
    
    <onunload condition="!Skin.HasSetting(startup.init)">Skin.SetBool(osd.usetheme)</onunload>
    <onunload condition="!Skin.HasSetting(startup.init)">Skin.SetBool(global.hidecirles)</onunload>
    <onunload condition="!Skin.HasSetting(startup.init)">Skin.SetBool(home.classicwidgets)</onunload>
    <onunload condition="!Skin.HasSetting(startup.init)">Skin.SetBool(startup.init)</onunload>
    <controls>

        <include>GlobalBackground</include>
        <include>Furniture_Clock</include>
        <include>Furniture_Header</include>
        <include>Furniture_NowPlaying</include>
        <include>Furniture_Weather</include>
        <control type="group">
            <include>Animation.Common</include>
            <left>72</left>
            <right>72</right>
            <top>208</top>
            <height>656</height>
            
            <control type="image">
                <width>100%</width>
                <height>100%</height>
                <texture border="16" colordiffuse="Panel">common/rounded-shadow8.png</texture>
            </control>
            
            <control type="group">
                <left>8</left>
                <right>8</right>
                <top>8</top>
                <bottom>8</bottom>
                <!-- Right Group -->
                <control type="grouplist" id="5">
                    <description>Control Area</description>
                    <left>450</left>
                    <right>0</right>
                    <top>140</top>
                    <bottom>10</bottom>
                    <itemgap>0</itemgap>
                    <onleft>3</onleft>
                    <onup>5</onup>
                    <ondown>5</ondown>
                    <orientation>vertical</orientation>
                </control>
                
                <!-- Left Group -->
                <control type="grouplist" id="3">
                    <description>Button Area</description>
                    <width>450</width>
                    <top>140</top>
                    <bottom>0</bottom>
                    <itemgap>0</itemgap>

                    <onright>5</onright>
                    <onup>20</onup>
                    <ondown>3</ondown>
                    <orientation>vertical</orientation>
                </control>
                
                <!-- Lines -->
                <control type="image">
                    <top>10</top>
                    <left>450</left>
                    <width>1</width>
                    <bottom>10</bottom>
                    <colordiffuse>Black12</colordiffuse>
                    <texture>common/white.png</texture>
                </control>
         
                
                <!-- Header -->
                <control type="label">
                    <left>30</left>
                    <width>390</width>
                    <posy>18</posy>
                    <font>MediumBold</font>
                    <label>5</label>
                    <textcolor>PanelWhite100</textcolor>
                </control>
                <control type="button" id="20">
                    <left>30</left>
                    <right>30</right>
                    <posy>77</posy>
                    <height>30</height>
                    <font>Tiny</font>
                    <textcolor>PanelWhite70</textcolor>
                    <scroll>true</scroll>
                    <align>left</align>
                    <textoffsetx>0</textoffsetx>
                    <texturenofocus>noop</texturenofocus>
                    <texturefocus>noop</texturefocus>
                    <focusedcolor>Highlight2</focusedcolor>
                    <ondown>3</ondown>

                    <onright>5</onright>
                    <onup>3</onup>
                    <onclick>SettingsLevelChange</onclick>
                </control>
                <control type="label">
                    <left>480</left>
                    <width>390</width>
                    <posy>18</posy>
                    <font>MediumBold</font>
                    <label>$VAR[Label_SettingsHeader]</label>
                    <textcolor>PanelWhite100</textcolor>
                </control>
                <control type="label" id="6">
                    <left>480</left>
                    <right>30</right>
                    <posy>77</posy>
                    <height>30</height>
                    <font>Tiny</font>
                    <textcolor>PanelWhite70</textcolor>
                    <scroll>true</scroll>
                </control>
            </control>
        </control>
        
        script-script.extendedinfo-
        
        <control type="button" id="7">
            <description>Default Button</description>
            <include>DefSettingsButton</include>
        </control>

        <control type="radiobutton" id="8">
            <description>Default Radio Button</description>
            <include>DefSettingsButton</include>
        </control>

        <control type="spincontrolex" id="9">
            <description>Default Spin Control</description>
            <include>DefSettingsButton</include>
        </control>

        <control type="togglebutton" id="10">
            <width>450</width>
            <description>Default Category Button</description>
            <include>DefSettingsButton</include>
        </control>

        <control type="label" id="14">
            <textoffsetx>20</textoffsetx>
            <font>Button</font>
            <textcolor>PanelWhite30</textcolor>
            <include>DefSettingsButton</include>
        </control>

    </controls>

</window>
