<?xml version="1.0" encoding="UTF-8"?>
<!-- Foundation -->
<includes>
    <include name="View_58_Cards">
        <description>List View (id=58)</description>
        <control type="group">
            <include>Animation.Common</include>
            <visible>Control.IsVisible(58)</visible>
			<include>JumpBarHorizontal</include>
			<include>ViewSlideForJumpBar</include>
            <control type="group">
                <control type="panel" id="58">
                    <visible>String.Contains(Container.FolderPath,plugin://plugin.program.advanced.launcher/,left) | Container.Content(musicvideos) | Container.Content(movies) | Container.Content(tvshows) | [Container.Content(episodes) + !String.Contains(Container.FolderPath,plugin://,left)] | Container.Content(actors) | Container.Content(sets) | Container.Content(seasons)</visible>
                    <top>206</top>
                    <height>660</height>
                    <left>70</left>
                    <right>70</right>
                    <onup>58</onup>
                    <ondown>58</ondown>
                    <onleft condition="!Skin.HasSetting(global.kioskmode)">9000</onleft>
                    <onright>1624</onright>
                    <orientation>vertical</orientation>
                    <pagecontrol>1624</pagecontrol>
                    <preloaditems>2</preloaditems>
                    <viewtype label="31198">list</viewtype>
                    <scrolltime tween="quadratic">400</scrolltime>
                    <itemlayout width="890" height="330" condition="!Container.Content(episodes)">
                        <control type="image">
                            <left>9</left>
                            <top>9</top>
                            <right>9</right>
                            <bottom>9</bottom>
                            <texture colordiffuse="Box2" border="5">common/box2.png</texture>
							<visible>!Skin.HasSetting(thumbnails.white)</visible>
                        </control>
						<control type="image">
                            <left>10</left>
                            <top>10</top>
                            <right>10</right>
                            <bottom>10</bottom>
                            <texture colordiffuse="Dark4" border="5">common/box.png</texture>
                        </control> 
						<control type="label">
							<align>center</align>
							<aligny>center</aligny>
							<width>50</width>
							<right>7</right>
							<top>6</top>
							<height>50</height>
							<textcolor>$VAR[WatchedLabelPosterColor]</textcolor>
							<font>SymbolPoster</font>
							<label>$VAR[WatchedLabelPoster]</label>
							<visible>!String.IsEqual(ListItem.Label,..)</visible>
						</control>
                        <control type="image">                                
                            <left>10</left>
                            <top>10</top>
                            <width>207</width>
                            <height>310</height>
                            <aspectratio scalediffuse="false">scale</aspectratio>
                            <texture diffuse="diffuse/cardposter.png" background="true">$VAR[PosterImage]</texture>
                        </control>
                        <control type="label">
                            <left>246</left>
                            <right>64</right>
                            <top>30</top>
                            <height>50</height>
                            <align>left</align>
                            <font>SmallBold</font>
                            <textcolor>Dark1</textcolor>
                            <selectedcolor>Dark1</selectedcolor>
                            <label>$INFO[ListItem.Label]</label>
                        </control>
                        <control type="textbox">
                            <left>246</left>
                            <right>39</right>
                            <top>93</top>
                            <height>152</height>
                            <align>justify</align>
                            <font>Tiny</font>
                            <autoscroll>false</autoscroll>
                            <textcolor>Dark2</textcolor>
                            <selectedcolor>Dark2</selectedcolor>
                            <label>$VAR[LabelPlotBox]</label>
                        </control>
                        <control type="label">
                            <left>237</left>
                            <right>39</right>
                            <bottom>33</bottom>
                            <aligny>center</aligny>
                            <height>38</height>
                            <align>right</align>
                            <font>Tiny</font>
                            <textcolor>Dark1</textcolor>
                            <selectedcolor>Dark1</selectedcolor>
                            <label fallback="19055">$VAR[LabelYear,,  •  ]$VAR[LabelDuration,,  •  ]$INFO[ListItem.Rating]</label>
                        </control>
                       
                    </itemlayout>

                    <itemlayout width="890" height="330" condition="Container.Content(episodes)">
						<control type="image">
                            <left>9</left>
                            <top>9</top>
                            <right>9</right>
                            <bottom>9</bottom>
                            <texture colordiffuse="Box2" border="5">common/box2.png</texture>
							<visible>!Skin.HasSetting(thumbnails.white)</visible>
                        </control>
                        <control type="image">
                            <left>10</left>
                            <top>10</top>
                            <right>10</right>
                            <bottom>10</bottom>
                            <texture colordiffuse="Dark4" border="5">common/box.png</texture>
                        </control>
						
                        <control type="label">
							<align>center</align>
							<aligny>center</aligny>
							<width>50</width>
							<right>7</right>
							<top>6</top>
							<height>50</height>
							<textcolor>$VAR[WatchedLabelPosterColor]</textcolor>
							<font>SymbolPoster</font>
							<label>$VAR[WatchedLabelPoster]</label>
							<visible>!String.IsEqual(ListItem.Label,..)</visible>
						</control>
                        <control type="image">                                
                            <left>10</left>
                            <top>10</top>
                            <width>400</width>
                            <height>310</height>
                            <aspectratio scalediffuse="false">scale</aspectratio>
                            <texture diffuse="diffuse/cardthumb.png" background="true">$VAR[FanartImage]</texture>
                        </control>
                        <control type="label">
                            <left>440</left>
                            <right>64</right>
                            <top>30</top>
                            <height>50</height>
                            <align>left</align>
                            <font>SmallBold</font>
                            <textcolor>Dark1</textcolor>
                            <selectedcolor>Dark1</selectedcolor>
                            <label>$INFO[ListItem.Label]</label>
                        </control>
                        <control type="textbox">
                            <left>440</left>
                            <right>40</right>
                            <top>95</top>
                            <height>152</height>
                            <align>justify</align>
                            <font>Tiny</font>
                            <textcolor>Dark1</textcolor>
                            <selectedcolor>Dark2</selectedcolor>
                            <label>$INFO[ListItem.Plot]</label>
                        </control>
                        <control type="label">
                            <left>430</left>
                            <right>39</right>
                            <bottom>33</bottom>
                            <aligny>center</aligny>
                            <height>38</height>
                            <align>right</align>
                            <font>Tiny</font>
                            <textcolor>Dark1</textcolor>
                            <selectedcolor>Dark1</selectedcolor>
                            <label fallback="19055">$VAR[LabelYear,,  •  ]$VAR[LabelDuration,,  •  ]$INFO[ListItem.Rating]</label>
                        </control>
                       
                    </itemlayout>

                    <focusedlayout width="890" height="330" condition="!Container.Content(episodes)">
                        <control type="image">
                            <left>10</left>
                            <top>10</top>
                            <right>10</right>
                            <bottom>10</bottom>
                            <texture colordiffuse="Dark1" border="5">common/box.png</texture>
                        </control>
                        <control type="image">                                
                            <left>10</left>
                            <top>10</top>
                            <width>207</width>
                            <height>310</height>
                            <aspectratio scalediffuse="false">scale</aspectratio>
                            <texture diffuse="diffuse/cardposter.png" background="true">$VAR[PosterImage]</texture>
                        </control>
                        <control type="label">
							<align>center</align>
							<aligny>center</aligny>
							<width>50</width>
							<right>7</right>
							<top>6</top>
							<height>50</height>
							<textcolor>$VAR[WatchedLabelPosterColor]</textcolor>
							<font>SymbolPoster</font>
							<label>$VAR[WatchedLabelPoster]</label>
							<visible>!String.IsEqual(ListItem.Label,..)</visible>
						</control>
                        <control type="label">
                             <left>246</left>
                            <right>64</right>
                            <top>30</top>
                            <height>50</height>
                            <align>left</align>
                            <font>SmallBold</font>
                            <textcolor>Light1</textcolor>
                            <selectedcolor>Light1</selectedcolor>
                            <label>$INFO[ListItem.Label]</label>
                        </control>
                        <control type="textbox">
                            <left>246</left>
                            <right>39</right>
                            <top>93</top>
                            <height>152</height>
                            <align>justify</align>
                            <font>Tiny</font>
                            <textcolor>Light1</textcolor>
                            <selectedcolor>Light2</selectedcolor>
                            <label>$VAR[LabelPlotBox]</label>
                        </control>
                        <control type="label">
                            <left>237</left>
                            <right>39</right>
                            <bottom>33</bottom>
                            <aligny>center</aligny>
                            <height>38</height>
                            <align>right</align>
                            <font>Tiny</font>
                            <textcolor>Light1</textcolor>
                            <selectedcolor>Light1</selectedcolor>
                            <label fallback="19055">$VAR[LabelYear,,  •  ]$VAR[LabelDuration,,  •  ]$INFO[ListItem.Rating]</label>
                        </control>
                    </focusedlayout>
                    <focusedlayout width="890" height="330" condition="Container.Content(episodes)">
                        <control type="image">
                            <left>10</left>
                            <top>10</top>
                            <right>10</right>
                            <bottom>10</bottom>
                            <texture colordiffuse="Dark1" border="5">common/box.png</texture>
                        </control>
                        <control type="label">
							<align>center</align>
							<aligny>center</aligny>
							<width>50</width>
							<right>7</right>
							<top>6</top>
							<height>50</height>
							<textcolor>$VAR[WatchedLabelPosterColor]</textcolor>
							<font>SymbolPoster</font>
							<label>$VAR[WatchedLabelPoster]</label>
							<visible>!String.IsEqual(ListItem.Label,..)</visible>
						</control>
                        <control type="image">                                
                            <left>10</left>
                            <top>10</top>
                            <width>400</width>
                            <height>310</height>
                            <aspectratio scalediffuse="false">scale</aspectratio>
                            <texture diffuse="diffuse/cardthumb.png" background="true">$VAR[FanartImage]</texture>
                        </control>
                        <control type="label">
                            <left>440</left>
                            <right>64</right>
                            <top>30</top>
                            <height>50</height>
                            <align>left</align>
                            <font>SmallBold</font>
                            <textcolor>Light1</textcolor>
                            <selectedcolor>Light1</selectedcolor>
                            <label>$INFO[ListItem.Label]</label>
                        </control>
                        <control type="textbox">
                            <left>440</left>
                            <right>40</right>
                            <top>95</top>
                            <height>152</height>
                            <align>justify</align>
                            <font>Tiny</font>
                            <textcolor>Light1</textcolor>
                            <selectedcolor>Light2</selectedcolor>
                            <label>$INFO[ListItem.Plot]</label>
                        </control>
                        <control type="label">
                            <left>430</left>
                            <right>39</right>
                            <bottom>33</bottom>
                            <aligny>center</aligny>
                            <height>38</height>
                            <align>right</align>
                            <font>Tiny</font>
                            <textcolor>Light1</textcolor>
                            <selectedcolor>Light1</selectedcolor>
                            <label fallback="19055">$VAR[LabelYear,,  •  ]$VAR[LabelDuration,,  •  ]$INFO[ListItem.Rating]</label>
                        </control>
                       
                    </focusedlayout>
                </control>
                <control type="scrollbar" id="1624">
					<include content="scrollbar_vertical">
					<param name="scrollid" value="1624" />
				</include>
			</control>
            </control>
        
        </control>
    </include>
   

</includes>
