<?xml version="1.0" encoding="UTF-8"?>
<!-- Foundation -->
<includes>

   <include name="View_500_Thumbnails">
    
        <control type="group">
            <include>Animation.Common</include>
            <visible>Control.IsVisible(500)</visible>				
			<include>JumpBarHorizontal</include>
			<include>ViewSlideForJumpBar</include> 
            
            <control type="group">
                <control type="panel" id="500">
                    <top>196</top>
                    <left>60</left>
                    <width>1800</width>
                    <height>680</height>
                    <onleft condition="!Skin.HasSetting(global.kioskmode)">9000</onleft>
                    <onright>1635</onright>
                    <onup>500</onup>
                    <ondown>500</ondown>
                    <preloaditems>0</preloaditems>
                    <pagecontrol>1635</pagecontrol>
                    <orientation>vertical</orientation>
                    <viewtype label="21371">list</viewtype>
                    <scrolltime tween="quadratic">400</scrolltime>
                    <itemlayout height="340" width="299">
						<control type="group">
						<visible>Container.Content(albums) | Container.Content(songs)</visible>
                        <!--<control type="image">
                            <width>100%</width>
                            <height>100%</height>
                            <texture border="10">common/nofocus-shadow10.png</texture>
                        </control>
                        <control type="image">
                            <left>10</left>
                            <top>10</top>
                            <right>10</right>
                            <bottom>10</bottom>
                            <texture border="5" colordiffuse="Panel">common/box.png</texture>
                        </control>-->
                        
                        
						<control type="label">
							<align>center</align>
							<aligny>center</aligny>
							<width>50</width>
							<right>13</right>
							<top>12</top>
							<height>50</height>
							<textcolor>$VAR[WatchedLabelPosterColor]</textcolor>
							<font>SymbolPoster</font>
							<label>$VAR[WatchedLabelPoster]</label>
							<visible>!String.IsEqual(ListItem.Label,..)</visible>
						</control>
						
						
						
						
						
						
						
						
						
						
						
						
						
						<!--<control type="image">
                            <height>38</height>
                            <left>8</left>
                            <right>8</right>
							<top>290</top>
                            
                            <texture colordiffuse="Light1">backg/track.png</texture>
                            <visible>!String.IsEqual(ListItem.Label,..)</visible>
                            
                        </control>
                        <control type="label">
                            <left>20</left>
                            <right>20</right>
                            <bottom>8</bottom>
                            <height>50</height>
                            <aligny>center</aligny>
                            <font>Tiny44</font>
                            <label>$INFO[ListItem.Label]</label>
                            <textcolor>FF404040</textcolor>
							<visible>!String.IsEqual(ListItem.Label,..)</visible>
                        </control>-->
						
						
						
						
						
						
						
						
						
						
                        <control type="image">
                            <left>10</left>
                            <top>0</top>
                            <right>10</right>
                            <height>286</height>
                            <aspectratio scalediffuse="false" align="center" aligny="center">keep</aspectratio>
                            <texture background="true">$VAR[ThumbImage]</texture>
                            <visible>!Container.Content(albums) + !Container.Content(artists) + !Container.Content(songs)</visible>
                        </control>
                        <control type="image">
                            <left>20</left>
                            <top>0</top>
                            <right>10</right>
                            <height>286</height>
                            <aspectratio scalediffuse="false" align="center" aligny="center">scale</aspectratio>
                            <texture  background="true">$VAR[ThumbImage]</texture>
                            <visible>Container.Content(albums) | Container.Content(artists) | Container.Content(songs)</visible>
                        </control>
                        <control type="label">
							<align>center</align>
							<aligny>center</aligny>
							<width>50</width>
							<right>13</right>
							<top>12</top>
							<height>50</height>
							<textcolor>$VAR[WatchedLabelPosterColor]</textcolor>
							<font>SymbolPoster</font>
							<label>$VAR[WatchedLabelPoster]</label>
							<visible>!String.IsEqual(ListItem.Label,..)</visible>
						</control>
						
						<control type="image">
                            <left>20</left>
                            <height>286</height>
                            <width>268</width>
                            <texture>backg/cd-case.png</texture>
                            <visible>!String.IsEqual(ListItem.Label,..)</visible>
                        </control>
						
						<control type="image">
                            <left>20</left>
							<top>240</top>
                            <height>44</height>
                            <width>268</width>
                            <texture colordiffuse="B3333333">common/black-back.png</texture>
                            <visible>!String.IsEqual(ListItem.Label,..)</visible>
                        </control>
						
						<control type="label">
                            <left>30</left>
                            <right>20</right>
                            <bottom>55</bottom>
                            <height>50</height>
                            <aligny>center</aligny>
                            <font>Tiny</font>
                            <label>$INFO[ListItem.Label]</label>
                            <textcolor>PanelWhite100</textcolor>
							<visible>!String.IsEqual(ListItem.Label,..)</visible>
                        </control>
						</control>
						
						<control type="group">
						<visible>!Container.Content(albums) + !Container.Content(songs)</visible>
						<control type="image">
							<left>10</left>
							<top>11</top>
                            <width>93%</width>
                            <height>81%</height>
                            <texture border="10">common/nofocus-shadow10.png</texture>
                        </control>
                        <!--<control type="image">
                            <left>10</left>
                            <top>10</top>
                            <right>10</right>
                            <bottom>10</bottom>
                            <texture border="5" colordiffuse="Panel">common/box.png</texture>
                        </control>-->
						
						
						<!--<control type="label">
                            <left>20</left>
                            <right>20</right>
                            <bottom>10</bottom>
                            <height>50</height>
                            <aligny>center</aligny>
                            <font>Tiny</font>
                            <label>$INFO[ListItem.Label]</label>
                            <textcolor>PanelWhite70</textcolor>
                        </control>-->
                        <control type="label">
                            <left>20</left>
                            <right>20</right>
                            <bottom>10</bottom>
                            <height>50</height>
                            <align>center</align>
                            <font>Tiny</font>
                            <label>$INFO[ListItem.Label]</label>
                            <textcolor>Dark1</textcolor>
                        </control>
						
						
						
						
						<control type="image">
                            <left>19</left>
                            <top>19</top>
                            <right>19</right>
                            <height>258</height>                           
                            <texture colordiffuse="Box2" background="true">common/box2.png</texture>   
							<visible>!Skin.HasSetting(thumbnails.white)</visible>                        
                        </control>
                        <control type="image">
                            <left>20</left>
                            <top>20</top>
                            <right>20</right>
                            <height>256</height>
                            <aspectratio scalediffuse="false">scale</aspectratio>
                            <texture diffuse="diffuse/wall.png" colordiffuse="ff181818">common/white.png</texture>
                        </control>
						
						
                        <!--<control type="image">
                            <left>20</left>
                            <top>20</top>
                            <right>20</right>
                            <height>256</height>
                            <aspectratio scalediffuse="false" align="center" aligny="center">keep</aspectratio>
                            <texture diffuse="diffuse/wall.png" background="true">$VAR[ThumbImage]</texture>
                            <visible>!Container.Content(albums) + !Container.Content(artists) + !Container.Content(songs)</visible>
                        </control>-->
						
						<control type="image">
                            <left>20</left>
                            <top>20</top>
                            <right>20</right>
                            <height>256</height>
                            <aspectratio scalediffuse="false" align="center" aligny="center">scale</aspectratio>
                            <texture background="true">$VAR[ThumbImage]</texture>
                            <visible>!Container.Content(albums) + !Container.Content(artists) + !Container.Content(songs) + !Container.Content(genres) + !Container.Content(studios)</visible>
                        </control>
						
						<control type="image">
                            <left>20</left>
                            <top>20</top>
                            <right>20</right>
                            <height>256</height>
                            <aspectratio scalediffuse="false" align="center" aligny="center">keep</aspectratio>
                            <texture fallback="DefaultFolder.png" background="true">$VAR[ThumbImageGenres]</texture>
                            <visible>Container.Content(genres)</visible>
                        </control>
						
						<control type="image">
                            <left>20</left>
                            <top>20</top>
                            <right>20</right>
                            <height>256</height>
                            <aspectratio scalediffuse="false" align="center" aligny="center">keep</aspectratio>
                            <texture fallback="DefaultFolder.png" background="true">$VAR[ThumbImageStudios]</texture>
                            <visible>Container.Content(studios)</visible>
                        </control>
						
                        <control type="image">
                            <left>20</left>
                            <top>20</top>
                            <right>20</right>
                            <height>256</height>
                            <aspectratio scalediffuse="false" align="center" aligny="center">scale</aspectratio>
                            <texture background="true">$VAR[ThumbImage]</texture>
                            <visible>Container.Content(albums) | Container.Content(artists) | Container.Content(songs)</visible>
                        </control>
                        <control type="label">
							<align>center</align>
							<aligny>center</aligny>
							<width>50</width>
							<right>13</right>
							<top>12</top>
							<height>50</height>
							<textcolor>$VAR[WatchedLabelPosterColor]</textcolor>
							<font>SymbolPoster</font>
							<label>$VAR[WatchedLabelPoster]</label>
							<visible>!String.IsEqual(ListItem.Label,..)</visible>
						</control>
						</control>

                    </itemlayout>
                    <focusedlayout height="340" width="299">
						<control type="group">
						<visible>Container.Content(albums) | Container.Content(songs)</visible>
                        <animation center="auto" easing="inout" effect="zoom" end="110" start="100" time="100" tween="sine">Focus</animation>
						<animation center="auto" easing="inout" effect="zoom" end="100" start="110" time="100" tween="sine">UnFocus</animation>
                        
                        <control type="image">
                            <left>19</left>
                            <top>19</top>
                            <right>19</right>
                            <height>258</height>                           
                            <texture colordiffuse="Box2" background="true">common/box2.png</texture>   
							<visible>!Skin.HasSetting(thumbnails.white)</visible>                        
                        </control>
                        <control type="image">
                            <left>10</left>
                            <top>0</top>
                            <right>10</right>
                            <height>286</height>
                            <aspectratio scalediffuse="false" align="center" aligny="center">keep</aspectratio>
                            <texture background="true">$VAR[ThumbImage]</texture>
                            <visible>!Container.Content(albums) + !Container.Content(artists) + !Container.Content(songs)</visible>
                        </control>
                        <control type="image">
                            <left>20</left>
                            <top>0</top>
                            <right>10</right>
                            <height>286</height>
                            <aspectratio scalediffuse="false" align="center" aligny="center">scale</aspectratio>
                            <texture  background="true">$VAR[ThumbImage]</texture>
                            <visible>Container.Content(albums) | Container.Content(artists) | Container.Content(songs)</visible>
                        </control>
                        <control type="label">
							<align>center</align>
							<aligny>center</aligny>
							<width>50</width>
							<right>13</right>
							<top>12</top>
							<height>50</height>
							<textcolor>$VAR[WatchedLabelPosterColor]</textcolor>
							<font>SymbolPoster</font>
							<label>$VAR[WatchedLabelPoster]</label>
							<visible>!String.IsEqual(ListItem.Label,..)</visible>
						</control>
						
						<control type="image">
                            <left>20</left>
                            <height>286</height>
                            <width>268</width>
                            <texture>backg/cd-case.png</texture>
                            <visible>!String.IsEqual(ListItem.Label,..)</visible>
                        </control>
						
						<control type="image">
                            <left>20</left>
							<top>240</top>
                            <height>44</height>
                            <width>268</width>
                            <texture colordiffuse="B3333333">common/black-back.png</texture>
                            <visible>!String.IsEqual(ListItem.Label,..)</visible>
                        </control>
						<control type="label">
                            <left>30</left>
                            <right>20</right>
                            <bottom>55</bottom>
                            <height>50</height>
                            <aligny>center</aligny>
                            <font>Tiny</font>
                            <label>$INFO[ListItem.Label]</label>
                            <textcolor>PanelWhite100</textcolor>
							<visible>!String.IsEqual(ListItem.Label,..)</visible>
                        </control>
						</control>
						
						
						
						
						
						<control type="group">
						
						<visible>!Container.Content(albums) + !Container.Content(songs)</visible>
						<!--<control type="image">
                            <width>100%</width>
                            <height>100%</height>
                            <texture border="10">common/nofocus-shadow10.png</texture>
                        </control>-->
						<control type="image">
							<left>10</left>
							<top>11</top>
                            <width>93%</width>
                            <height>81%</height>
                            <texture border="10">common/nofocus-shadow10.png</texture>
                        </control>
						
						<control type="image">
                            <left>19</left>
                            <top>19</top>
                            <right>19</right>
                            <height>258</height>                           
                            <texture colordiffuse="Box2" background="true">common/box2.png</texture>   
							<visible>!Skin.HasSetting(thumbnails.white)</visible>                        
                        </control>
                        <control type="image">
							<animation center="auto" condition="Control.HasFocus(500)" effect="fade" end="100" start="0" time="250">Focus</animation>
                            <animation center="auto" condition="Control.HasFocus(500)"  effect="fade" end="0" start="100" time="50">UnFocus</animation>
                            <left>13</left>
                            <top>13</top>
                            <right>13</right>
                            <bottom>57</bottom>
                            <texture border="5" colordiffuse="$VAR[ColorHighlight]">common/box.png</texture>
                        </control>
                        <control type="label">
                            <left>20</left>
                            <right>20</right>
                            <bottom>10</bottom>
                            <height>50</height>
                            <align>center</align>
                            <font>Tiny</font>
                            <label>$INFO[ListItem.Label]</label>
                            <textcolor>Dark1</textcolor>
                        </control>
                        <control type="image">
                            <left>20</left>
                            <top>20</top>
                            <right>20</right>
                            <height>256</height>
                            <aspectratio scalediffuse="false">scale</aspectratio>
                            <texture diffuse="diffuse/wall.png" colordiffuse="ff181818">common/white.png</texture>
                        </control>
                       <control type="image">
                            <left>20</left>
                            <top>20</top>
                            <right>20</right>
                            <height>256</height>
                            <aspectratio scalediffuse="false" align="center" aligny="center">scale</aspectratio>
                            <texture background="true">$VAR[ThumbImage]</texture>
                            <visible>!Container.Content(albums) + !Container.Content(artists) + !Container.Content(songs) + !Container.Content(genres) + !Container.Content(studios)</visible>
                        </control>
						
						<control type="image">
                            <left>20</left>
                            <top>20</top>
                            <right>20</right>
                            <height>256</height>
                            <aspectratio scalediffuse="false" align="center" aligny="center">scale</aspectratio>
                            <texture fallback="DefaultFolder.png" background="true">$VAR[ThumbImagegenres]</texture>
                            <visible>Container.Content(genres)</visible>
                        </control>
						
						<control type="image">
                            <left>20</left>
                            <top>20</top>
                            <right>20</right>
                            <height>256</height>
                            <aspectratio scalediffuse="false" align="center" aligny="center">keep</aspectratio>
                            <texture fallback="DefaultFolder.png" background="true">$VAR[ThumbImageStudios]</texture>
                            <visible>Container.Content(studios)</visible>
                        </control>
						
                        <control type="image">
                            <left>20</left>
                            <top>20</top>
                            <right>20</right>
                            <height>256</height>
                            <aspectratio scalediffuse="false" align="center" aligny="center">scale</aspectratio>
                            <texture background="true">$VAR[ThumbImage]</texture>
                            <visible>Container.Content(albums) | Container.Content(artists) | Container.Content(songs)</visible>
                        </control>
                        <control type="label">
							<align>center</align>
							<aligny>center</aligny>
							<width>50</width>
							<right>13</right>
							<top>12</top>
							<height>50</height>
							<textcolor>$VAR[WatchedLabelPosterColor]</textcolor>
							<font>SymbolPoster</font>
							<label>$VAR[WatchedLabelPoster]</label>
							<visible>!String.IsEqual(ListItem.Label,..)</visible>
						</control>
						</control>
                    </focusedlayout>
                </control>
                
				<control type="group">
				<visible>Skin.HasSetting(thumbnails.moreinfos) + !String.IsEqual(ListItem.Label,..) + Container.Content(songs)</visible>
				<visible>false</visible>
			
				<control type="image">
					<left>74</left>
					
					<bottom>112</bottom>
					<height>42</height>
					<width>54</width>
					<height>32</height>
					<aspectratio aligny="center">keep</aspectratio>
					<texture colordiffuse="Dark1">flags/audio/$INFO[ListItem.FileExtension].png</texture>
					<visible>!String.IsEqual(ListItem.Label,..)</visible>
					
                </control>
				
				<control type="label">
					<left>SidePad</left>
					
					<bottom>145</bottom>
					<height>50</height>
					<aligny>center</aligny>
					<font>TinyBold</font>
					<label>$INFO[ListItem.Album]</label>
					<textcolor>Dark1</textcolor>
				</control>
				
				<control type="label">
					<left>133</left>
					
					<bottom>110</bottom>
					<height>50</height>
					<aligny>center</aligny>
					<font>Small333</font>
					<label>• Track #$INFO[ListItem.TrackNumber] • $INFO[ListItem.Duration(mins ss)] Minuten</label>
					<textcolor>Dark1</textcolor>
				</control>
			</control>
				
				
				
				
				
				
				
				
				
				
				<control type="group">
					<!--<include>Animation.SwitchStars</include>-->
					<left>SidePad</left>
					
					<bottom>50</bottom>
                    <width>500</width>
					<height>80</height>
					<visible>String.IsEqual(ListItem.DBType,album) | String.IsEqual(ListItem.DBType,song)</visible>
					<visible>false</visible>
					<control type="image">
						<posx>0</posx>
						<width>30</width>
						<height>30</height>						
						<texture colordiffuse="$VAR[ColorHighlight]">backg/$VAR[Flagstar331].png</texture>
					</control>
					<control type="image">
						<posx>35</posx>
						<width>30</width>
						<height>30</height>						
						<texture colordiffuse="$VAR[ColorHighlight]">backg/$VAR[Flagstar332].png</texture>
						<visible>!Skin.HasSetting(furniture.numericrating)</visible>
					</control>
					<control type="image">
						<posx>70</posx>
						<width>30</width>
						<height>30</height>						
						<texture colordiffuse="$VAR[ColorHighlight]">backg/$VAR[Flagstar333].png</texture>
						<visible>!Skin.HasSetting(furniture.numericrating)</visible>
					</control>
					<control type="image">
						<posx>105</posx>
						<width>30</width>
						<height>30</height>						
						<texture colordiffuse="$VAR[ColorHighlight]">backg/$VAR[Flagstar334].png</texture>
						<visible>!Skin.HasSetting(furniture.numericrating)</visible>
					</control>
					<control type="image">
						<posx>140</posx>
						<width>30</width>
						<height>30</height>						
						<texture colordiffuse="$VAR[ColorHighlight]">backg/$VAR[Flagstar335].png</texture>
						<visible>!Skin.HasSetting(furniture.numericrating)</visible>
					</control>
				</control> 
				
			 
			
            </control>
            <control type="scrollbar" id="1635">
				<include content="scrollbar_vertical">
					<param name="scrollid" value="1635" />
				</include>
			</control>
        </control>
    </include>
	
	
	
	
	
	
	
	
	
	
	<include name="View_500_Thumbnails22">
    
        <control type="group">
            <include>Animation.Common</include>
            <visible>Control.IsVisible(500)</visible>
         	<include>JumpBarHorizontal</include>
			<include>ViewSlideForJumpBar</include> 
            <control type="group">
                <control type="panel" id="500">
                    <top>196</top>
                    <left>60</left>
                    <width>1800</width>
                    <height>660</height>
                    <onleft condition="!Skin.HasSetting(global.kioskmode)">9000</onleft>
                    <onright>1634</onright>
                    <onup>500</onup>
                    <ondown>500</ondown>
                    <preloaditems>0</preloaditems>
                    <pagecontrol>1634</pagecontrol>
                    <orientation>vertical</orientation>
                    <viewtype label="21371">list</viewtype>
                    <scrolltime tween="quadratic">400</scrolltime>
                    <itemlayout height="330" width="299">
                        <control type="image">
							<left>10</left>
							<top>11</top>
                            <width>93%</width>
                            <height>83%</height>
                            <texture border="10">common/nofocus-shadow10.png</texture>
                        </control>
                        <!--<control type="image">
                            <left>10</left>
                            <top>10</top>
                            <right>10</right>
                            <bottom>10</bottom>
                            <texture border="5" colordiffuse="Panel">common/box.png</texture>
                        </control>-->
                        <control type="label">
                            <left>20</left>
                            <right>20</right>
                            <bottom>0</bottom>
                            <height>50</height>
                            <align>center</align>
                            <font>Tiny</font>
                            <label>$INFO[ListItem.Label]</label>
                            <textcolor>Dark1</textcolor>
                        </control>
						<control type="image">
                            <left>19</left>
                            <top>19</top>
                            <right>19</right>
                            <height>258</height>                           
                            <texture colordiffuse="Box2" background="true">common/box2.png</texture>   
							<visible>!Skin.HasSetting(thumbnails.white)</visible>                        
                        </control>
                        <control type="image">
                            <left>20</left>
                            <top>20</top>
                            <right>20</right>
                            <height>256</height>
                            <aspectratio scalediffuse="false">scale</aspectratio>
                            <texture diffuse="diffuse/wall.png" colordiffuse="ff181818">common/white.png</texture>
							<visible>!Container.Content(albums) + !Container.Content(artists) + !Container.Content(songs)</visible>
                        </control>
                        <control type="image">
                            <left>20</left>
                            <top>20</top>
                            <right>20</right>
                            <height>256</height>
                            <aspectratio scalediffuse="false" align="center" aligny="center">keep</aspectratio>
                            <texture diffuse="diffuse/wall.png" background="true">$VAR[ThumbImage]</texture>
                            <visible>!Container.Content(albums) + !Container.Content(artists) + !Container.Content(songs)</visible>
                        </control>
                        <control type="image">
                            <left>20</left>
                            <top>20</top>
                            <right>20</right>
                            <height>256</height>
                            <aspectratio scalediffuse="false" align="center" aligny="center">scale</aspectratio>
                            <texture diffuse="diffuse/wall.png" background="true">$VAR[ThumbImage]</texture>
                            <visible>Container.Content(albums) | Container.Content(artists) | Container.Content(songs)</visible>
                        </control>
                        <control type="label">
							<align>center</align>
							<aligny>center</aligny>
							<width>50</width>
							<right>13</right>
							<top>12</top>
							<height>50</height>
							<textcolor>$VAR[WatchedLabelPosterColor]</textcolor>
							<font>SymbolPoster</font>
							<label>$VAR[WatchedLabelPoster]</label>
							<visible>!String.IsEqual(ListItem.Label,..)</visible>
						</control>
						

                    </itemlayout>
                    <focusedlayout height="330" width="299">
						<control type="group">
						
                        <!--<animation center="auto" easing="inout" effect="zoom" end="110" start="100" time="100" tween="sine">Focus</animation>
						<animation center="auto" easing="inout" effect="zoom" end="100" start="110" time="100" tween="sine">UnFocus</animation>-->
                        <control type="image">
							<left>10</left>
							<top>11</top>
                            <width>93%</width>
                            <height>83%</height>
                            <texture border="10">common/nofocus-shadow10.png</texture>
                        </control>
						<!--<control type="image">
                            <left>10</left>
                            <top>10</top>
                            <right>10</right>
                            <bottom>10</bottom>
                            <texture border="5" colordiffuse="Panel">common/box.png</texture>
                        </control>-->
						<control type="image">
                            <left>19</left>
                            <top>19</top>
                            <right>19</right>
                            <height>258</height>                           
                            <texture colordiffuse="Box2" background="true">common/box2.png</texture>   
							<visible>!Skin.HasSetting(thumbnails.white)</visible>                        
                        </control>
						<control type="image">
							<animation center="auto" condition="Control.HasFocus(500)" effect="fade" end="100" start="0" time="250">Focus</animation>
                            <animation center="auto" condition="Control.HasFocus(500)"  effect="fade" end="0" start="100" time="50">UnFocus</animation>
                            <left>13</left>
                            <top>13</top>
                            <right>13</right>
                            <bottom>47</bottom>
                            <texture border="5" colordiffuse="$VAR[ColorHighlight]">common/box.png</texture>
							
                        </control>
                        <control type="label">
                            <left>20</left>
                            <right>20</right>
                            <bottom>0</bottom>
                            <height>50</height>
                            <align>center</align>
                            <font>Tiny</font>
                            <label>$INFO[ListItem.Label]</label>
                            <textcolor>Dark1</textcolor>
                        </control>
                        <control type="image">
                            <left>20</left>
                            <top>20</top>
                            <right>20</right>
                            <height>256</height>
                            <aspectratio scalediffuse="false">scale</aspectratio>
                            <texture diffuse="diffuse/wall.png" colordiffuse="ff181818">common/white.png</texture>
                        </control>
                        <control type="image">
                            <left>20</left>
                            <top>20</top>
                            <right>20</right>
                            <height>256</height>
                            <aspectratio scalediffuse="false" align="center" aligny="center">keep</aspectratio>
                            <texture diffuse="diffuse/wall.png" background="true">$VAR[ThumbImage]</texture>
                            <visible>!Container.Content(albums) + !Container.Content(artists) + !Container.Content(songs)</visible>
                        </control>
                        <control type="image">
                            <left>20</left>
                            <top>20</top>
                            <right>20</right>
                            <height>256</height>
                            <aspectratio scalediffuse="false" align="center" aligny="center">scale</aspectratio>
                            <texture diffuse="diffuse/wall.png" background="true">$VAR[ThumbImage]</texture>
                            <visible>Container.Content(albums) | Container.Content(artists) | Container.Content(songs)</visible>
                        </control>
                        <control type="label">
							<align>center</align>
							<aligny>center</aligny>
							<width>50</width>
							<right>13</right>
							<top>12</top>
							<height>50</height>
							<textcolor>$VAR[WatchedLabelPosterColor]</textcolor>
							<font>SymbolPoster</font>
							<label>$VAR[WatchedLabelPoster]</label>
							<visible>!String.IsEqual(ListItem.Label,..)</visible>
						</control>
						</control>
                    </focusedlayout>
                </control>
                
            
            </control>
            <control type="scrollbar" id="1634">
				<include content="scrollbar_vertical">
					<param name="scrollid" value="1634" />
				</include>
			</control>
			
			<control type="group">
				<visible>Skin.HasSetting(thumbnails.moreinfos) + !String.IsEqual(ListItem.Label,..) + Container.Content(songs)</visible>
				<visible>false</visible>
				<control type="image">
					<left>74</left>
					
					<bottom>112</bottom>
					<height>42</height>
					<width>58</width>
					<height>32</height>
					<aspectratio aligny="center">keep</aspectratio>
					<texture colordiffuse="Dark1">flags/audio/$INFO[ListItem.FileExtension].png</texture>
					<visible>!String.IsEqual(ListItem.Label,..)</visible>
					
                </control>
				
				<control type="label">
					<left>SidePad</left>
					
					<bottom>145</bottom>
					<height>50</height>
					<aligny>center</aligny>
					<font>TinyBold</font>
					<label>$INFO[ListItem.Album]</label>
					<textcolor>Dark1</textcolor>
				</control>
				
				<control type="label">
					<left>133</left>
					
					<bottom>110</bottom>
					<height>50</height>
					<aligny>center</aligny>
					<font>Small333</font>
					<label>• Track #$INFO[ListItem.TrackNumber] • $INFO[ListItem.Duration(mins ss)] Minuten</label>
					<textcolor>Dark1</textcolor>
				</control>
			</control>
			
			
			
			
			
			
			
			
            
        </control>
    </include>
	
	
	
</includes>

<!--

<includes>

   <include name="View_500_Thumbnails">
    
        <control type="group">
            <include>Animation.Common</include>
            <visible>Control.IsVisible(500)</visible>
         
            
            <control type="group">
                <control type="panel" id="500">
                    <top>206</top>
                    <left>70</left>
                    <width>1780</width>
                    <height>660</height>
                    <onleft condition="!Skin.HasSetting(global.kioskmode)">9000</onleft>
                    <onright>60</onright>
                    <onup>500</onup>
                    <ondown>500</ondown>
                    <preloaditems>2</preloaditems>
                    <pagecontrol>60</pagecontrol>
                    <orientation>vertical</orientation>
                    <viewtype label="21371">list</viewtype>
                    <scrolltime tween="quadratic">400</scrolltime>
                    <itemlayout height="330" width="296">
                        <control type="image">
                            <width>100%</width>
                            <height>100%</height>
                            <texture border="10">common/nofocus-shadow10.png</texture>
                        </control>
                        <control type="image">
                            <left>10</left>
                            <top>10</top>
                            <right>10</right>
                            <bottom>10</bottom>
                            <texture border="5" colordiffuse="Panel">common/box.png</texture>
                        </control>
                        <control type="label">
                            <left>20</left>
                            <right>20</right>
                            <bottom>10</bottom>
                            <height>50</height>
                            <aligny>center</aligny>
                            <font>Tiny</font>
                            <label>$INFO[ListItem.Label]</label>
                            <textcolor>PanelWhite70</textcolor>
                        </control>
                        <control type="image">
                            <left>20</left>
                            <top>20</top>
                            <right>20</right>
                            <height>256</height>
                            <aspectratio scalediffuse="false">scale</aspectratio>
                            <texture diffuse="diffuse/wall.png" colordiffuse="ff181818">common/white.png</texture>
                        </control>
                        <control type="image">
                            <left>20</left>
                            <top>20</top>
                            <right>20</right>
                            <height>256</height>
                            <aspectratio scalediffuse="false" align="center" aligny="center">keep</aspectratio>
                            <texture diffuse="diffuse/wall.png" background="true">$VAR[ThumbImage]</texture>
                            <visible>!Container.Content(albums) + !Container.Content(artists) + !Container.Content(songs)</visible>
                        </control>
                        <control type="image">
                            <left>20</left>
                            <top>20</top>
                            <right>20</right>
                            <height>256</height>
                            <aspectratio scalediffuse="false" align="center" aligny="center">scale</aspectratio>
                            <texture diffuse="diffuse/wall.png" background="true">$VAR[ThumbImage]</texture>
                            <visible>Container.Content(albums) | Container.Content(artists) | Container.Content(songs)</visible>
                        </control>
                        <control type="image">
                            <centerright>42</centerright>
                            <centertop>42</centertop>
                            <width>32</width>
                            <height>32</height>
                            <aspectratio aligny="top">keep</aspectratio>
                            <texture>$VAR[PercentWatched]</texture>
                            <visible>!String.IsEqual(ListItem.Label,..)</visible>
                            <visible>String.IsEqual(ListItem.Overlay,OverlayWatched.png)</visible>
                        </control>

                    </itemlayout>
                    <focusedlayout height="330" width="296">
						<control type="group">
						
                        <animation center="auto" easing="inout" effect="zoom" end="110" start="100" time="100" tween="sine">Focus</animation>
						<animation center="auto" easing="inout" effect="zoom" end="100" start="110" time="100" tween="sine">UnFocus</animation>
                        <control type="image">
                            <width>100%</width>
                            <height>100%</height>
                            <texture border="10">common/nofocus-shadow10.png</texture>
                        </control>
						<control type="image">
                            <left>10</left>
                            <top>10</top>
                            <right>10</right>
                            <bottom>10</bottom>
                            <texture border="5" colordiffuse="Panel">common/box.png</texture>
                        </control>
						<control type="image">
							<animation center="auto" condition="Control.HasFocus(500)" easing="inout" effect="fade" end="100" start="0" time="150" tween="sine">Focus</animation>
                            <animation center="auto" condition="Control.HasFocus(500)" easing="inout" effect="fade" end="0" start="100" time="150" tween="sine">UnFocus</animation>
                            <left>10</left>
                            <top>10</top>
                            <right>10</right>
                            <bottom>10</bottom>
                            <texture border="5" colordiffuse="$VAR[ColorHighlight]">common/box.png</texture>
                        </control>
                        <control type="label">
                            <left>20</left>
                            <right>20</right>
                            <bottom>10</bottom>
                            <height>50</height>
                            <aligny>center</aligny>
                            <font>Tiny</font>
                            <label>$INFO[ListItem.Label]</label>
                            <textcolor>Selected</textcolor>
                        </control>
                        <control type="image">
                            <left>20</left>
                            <top>20</top>
                            <right>20</right>
                            <height>256</height>
                            <aspectratio scalediffuse="false">scale</aspectratio>
                            <texture diffuse="diffuse/wall.png" colordiffuse="ff181818">common/white.png</texture>
                        </control>
                        <control type="image">
                            <left>20</left>
                            <top>20</top>
                            <right>20</right>
                            <height>256</height>
                            <aspectratio scalediffuse="false" align="center" aligny="center">keep</aspectratio>
                            <texture diffuse="diffuse/wall.png" background="true">$VAR[ThumbImage]</texture>
                            <visible>!Container.Content(albums) + !Container.Content(artists) + !Container.Content(songs)</visible>
                        </control>
                        <control type="image">
                            <left>20</left>
                            <top>20</top>
                            <right>20</right>
                            <height>256</height>
                            <aspectratio scalediffuse="false" align="center" aligny="center">scale</aspectratio>
                            <texture diffuse="diffuse/wall.png" background="true">$VAR[ThumbImage]</texture>
                            <visible>Container.Content(albums) | Container.Content(artists) | Container.Content(songs)</visible>
                        </control>
                        <control type="image">
                            <centerright>42</centerright>
                            <centertop>42</centertop>
                            <width>32</width>
                            <height>32</height>
                            <aspectratio aligny="top">keep</aspectratio>
                            <texture>$VAR[PercentWatched]</texture>
                            <visible>!String.IsEqual(ListItem.Label,..)</visible>
                            <visible>String.IsEqual(ListItem.Overlay,OverlayWatched.png)</visible>
                        </control>
						</control>
                    </focusedlayout>
                </control>
                
            
            </control>
            <include>Furniture_Scrollbar</include>
        </control>
    </include>
</includes>


-->
