<?xml version="1.0" encoding="UTF-8"?>
<colors>
    <color name="Highlight">ff0385b5</color>
    <color name="Highlight2">FFff4081</color>
    <color name="Selected">FFededed</color>
	<color name="ColoredStars">FFD402AA</color>
	 
    <color name="Dark1">ffD6D6D6</color>
    <color name="Dark2">ccD6D6D6</color>
    <color name="Dark3">4dD6D6D6</color>
    <color name="Dark4">E61B1715</color>
    <color name="Light1">ff333333</color>
    <color name="Light2">b3333333</color>
    <color name="Light3">4d333333</color>
    <color name="Light4">1f333333</color>
    
    <color name="White100">FF333333</color>
    <color name="White70">B3333333</color>
    <color name="White30">4D333333</color>
    <color name="White12">1F333333</color>
    
    <color name="Black100">FFbbbbbb</color>
    <color name="Black70">B3bbbbbb</color>
    <color name="Black30">4Dbbbbbb</color>
    <color name="Black12">1Fbbbbbb</color>
	
	<color name="PanelWhite100">FFdddddd</color>
    <color name="PanelWhite70">B3dddddd</color>
    <color name="PanelWhite30">4Ddddddd</color>
    <color name="PanelWhite12">1Fdddddd</color>
    <color name="PanelBlack30">4D000000</color>
	
	<color name="MenuSlide">FF241D18</color>
	<color name="InfoBackground">b3241D18</color>
    
    <color name="Background">ff241D18</color>
    <color name="FanartFade">40ffffff</color>
    <color name="FloorFade">CC241D18</color>
	<color name="FloorFade2">CC241D18</color>
	
	<color name="OSDBack">df000000</color>
	<color name="Panel">FF141312</color>
	
	<color name="Box2">FFA7A7A7</color>
	<color name="BoxNotification">CCA7A7A7</color>
	<color name="BoxWidget">FFA7A7A7</color>
	<color name="BoxHomerow">80A7A7A7</color>
</colors>
