<?xml version="1.0" encoding="UTF-8"?>
<!-- Foundation -->
<includes>

    <include file="Defaults.xml" />
	<include file="IncludesVideoLyrics.xml" />
	<include file="Includes_Lyrics.xml" />
    
    <!-- Views -->
    <include file="View_50_List.xml" />
    <include file="View_51_BigWide.xml" />
    <include file="View_52_BigList.xml" />
    <include file="View_53_Poster.xml" />
    <include file="View_54_Banner.xml" />
    <include file="View_55_Wall.xml" />
    <include file="View_56_MediaInfo.xml" />
    <include file="View_57_ExtraInfo.xml" />
    <include file="View_58_Cards.xml" />
    <include file="View_59_BannerWall.xml" />
    <include file="View_500_Thumbnails.xml" />
    <include file="View_503_Poster_Square.xml" />
    <include file="View_505_Wall_Square.xml" />
	<include file="View_501_Modern_Fanart.xml" />
	<include file="View_504_Netflix.xml" />
	<include file="View_507_Fanart.xml" />
	<include file="View_509_Shift.xml" />
	<include file="View_506_Slider.xml" />
    
    
    <include file="Includes_Furniture.xml" />
    <include file="Includes_Home.xml" />
    <include file="Includes_GlobalSearch.xml" />
    <include file="Includes_NextAired.xml" />
    <include file="Includes_Labels.xml" />
    <include file="Includes_Images.xml" />
    <include file="Includes_Animations.xml" />
    <include file="Includes_Defs.xml" />
    <include file="Includes_PVR.xml" />
    <include file="Includes_OSD.xml" />
    
    <!-- Skin Shortcuts -->
    <include file="script-skinshortcuts-includes.xml"/>
    

    <include name="HiddenButton">
        <posx>-20</posx>
        <posy>-20</posy>
        <width>1</width>
        <height>1</height>
        <label>-</label>
        <texturenofocus>-</texturenofocus>
        <texturefocus>-</texturefocus>
    </include>

    <include name="Dimensions_Fullscreen">
        <posx>0</posx>
        <posy>0</posy>
        <width>1920</width>
        <height>1080</height>
    </include>
	
	<include name="Dimensions_Fullscreen2">
        <posx>0</posx>
        <posy>300</posy>
        <width>1920</width>
        <height>480</height>
    </include>

    <include name="WindowID">
        <width>780</width>
        <height>21</height>
        <textcolor>Blue</textcolor>
        <shadowcolor>Black</shadowcolor>
        <align>left</align>
    </include>

    <include name="DialogID">
        <width>780</width>
        <height>21</height>
        <textcolor>Green</textcolor>
        <shadowcolor>Black</shadowcolor>
        <align>left</align>
    </include>

    <include name="PathID">
        <posx>15r</posx>
        <posy>15</posy>
        <width>780</width>
        <height>21</height>
        <textcolor>Blue</textcolor>
        <shadowcolor>Black</shadowcolor>
        <align>right</align>
    </include>

    <include name="ControlID">
        <posx>15r</posx>
        <posy>48</posy>
        <width>780</width>
        <height>21</height>
        <textcolor>Red</textcolor>
        <shadowcolor>Black</shadowcolor>
        <align>right</align>
    </include>

    <include name="GlobalOverlay">

        <control type="image">
            <include>Animation.FadeIn</include>
            <include condition="!Window.IsVisible(DialogButtonMenu.xml)">Animation.FadeOut</include>
            <include>Dimensions_Fullscreen</include>
            <texture border="2">common/black-back.png</texture>
        </control>

    </include>
	
	<include name="GlobalOverlay2">

        <control type="image">
            <include>Animation.FadeIn</include>
            <include condition="!Window.IsVisible(DialogButtonMenu.xml)">Animation.FadeOut</include>
            <include>Dimensions_Fullscreen2</include>
            <texture colordiffuse="D9BDBDBD" border="30">backg/diffuseoverlay.png</texture>
        </control>

    </include>
	
	<variable name="RatingFlagVar33">
		<value condition="String.Contains(ListItem.mpaa,US:G) | String.Contains(ListItem.mpaa,USA:G) | String.Contains(ListItem.mpaa,Rated G)">flags2/rating/info/mpaa_g_certificate_us.png</value>
		<value condition="String.Contains(ListItem.mpaa,PG-13)">flags2/rating/info/mpaa_pg-13_certificate_us.png</value>
		<value condition="String.Contains(ListItem.mpaa,Rated PG) | String.IsEqual(ListItem.Mpaa,PG)">flags2/rating/info/mpaa_pg_certificate_us.png</value>
		<value condition="String.Contains(ListItem.mpaa,US:R) | String.Contains(ListItem.mpaa,USA:R) | String.Contains(ListItem.mpaa,Rated R) | String.IsEqual(ListItem.mpaa,R)">flags2/rating/info/mpaa_r_certificate_us.png</value>
		<value condition="String.Contains(ListItem.mpaa,US:NC-17)| String.Contains(ListItem.mpaa,USA:NC-17)| String.Contains(ListItem.mpaa,Rated NC-17)">flags2/rating/info/mpaa_nc-17_certificate_us.png</value>
		<value condition="String.Contains(ListItem.mpaa,UK:U)">flags2/rating/info/BBFC_U_Certificate_UK.png</value>
		<value condition="String.Contains(ListItem.mpaa,UK:PG)">flags2/rating/info/BBFC_PG_Certificate_UK.png</value>
		<value condition="String.Contains(ListItem.mpaa,UK:12A)">flags2/rating/info/BBFC_12A_Certificate_UK.png</value>
		<value condition="String.Contains(ListItem.mpaa,UK:12)">flags2/rating/info/BBFC_12_Certificate_UK.png</value>
		<value condition="String.Contains(ListItem.mpaa,UK:15)">flags2/rating/info/BBFC_15_Certificate_UK.png</value>
		<value condition="String.Contains(ListItem.mpaa,UK:18)">flags2/rating/info/BBFC_18_Certificate_UK.png</value>
		<value condition="String.Contains(ListItem.mpaa,Germany:0) | String.Contains(ListItem.mpaa,ab 0) | String.IsEqual(ListItem.mpaa,0) | String.Contains(ListItem.mpaa,FSK 0) | String.Contains(ListItem.mpaa,Rated 0)">flags2/rating/info/FSK-0.png</value>
		<value condition="String.Contains(ListItem.mpaa,Germany:16) | String.Contains(ListItem.mpaa,ab 16) | String.IsEqual(ListItem.mpaa,16) | String.Contains(ListItem.mpaa,FSK 16) | String.Contains(ListItem.mpaa,Rated 16)">flags2/rating/info/FSK-16.png</value>
		<value condition="String.Contains(ListItem.mpaa,Germany:6)| String.Contains(ListItem.mpaa,ab 6) | String.IsEqual(ListItem.mpaa,6) | String.Contains(ListItem.mpaa,Rated 6)">flags2/rating/info/FSK-6.png</value>
		<value condition="String.Contains(ListItem.mpaa,Germany:12) | String.Contains(ListItem.mpaa,ab 12) | String.IsEqual(ListItem.mpaa,12) | String.Contains(ListItem.mpaa,FSK 12) | String.Contains(ListItem.mpaa,Rated 12)">flags2/rating/info/FSK-12.png</value>
		<value condition="String.Contains(ListItem.mpaa,Germany:18) | String.Contains(ListItem.mpaa,ab 18) | String.IsEqual(ListItem.mpaa,18) | String.Contains(ListItem.mpaa,FSK 18) | String.Contains(ListItem.mpaa,Rated 18)">flags2/rating/info/FSK-18.png</value>
		<value condition="String.Contains(ListItem.mpaa,besorolás alatt)">flags2/rating/info/HU_BA.png</value>
		<value condition="String.Contains(ListItem.mpaa,korhatárra való tekintett nélkül megtekintetheto)">flags2/rating/info/HU_KN.png</value>
		<value condition="String.Contains(ListItem.mpaa,12 éven aluliak számára a megtekintése nagykorú felügyelete mellett ajánlott)">flags2/rating/info/HU_12.png</value>
		<value condition="String.Contains(ListItem.mpaa,16 éven aluliak számára nem ajánlott)">flags2/rating/info/HU_16.png</value>
		<value condition="String.Contains(ListItem.mpaa,18 éven aluliak számára nem ajánlott)">flags2/rating/info/HU_18.png</value>
		<value condition="String.Contains(ListItem.mpaa,France:U) | String.Contains(ListItem.mpaa,Tout public) | String.Contains(ListItem.mpaa,Tous publics)">flags2/rating/info/csaU.png</value>
		<value condition="String.Contains(ListItem.mpaa,France:10) | String.Contains(ListItem.mpaa,Interdit aux moins de 10 ans) | String.Contains(ListItem.mpaa,des propos ou des images peuvent heurter)">flags2/rating/info/csa10.png</value>
		<value condition="String.Contains(ListItem.mpaa,France:12) | String.Contains(ListItem.mpaa,Interdit aux moins de 12 ans)">flags2/rating/info/csa12.png</value>
		<value condition="String.Contains(ListItem.mpaa,France:16) | String.Contains(ListItem.mpaa,Interdit aux moins de 16 ans)">flags2/rating/info/csa16.png</value>
		<value condition="String.Contains(ListItem.mpaa,France:18) | String.Contains(ListItem.mpaa,Interdit aux moins de 18 ans)">flags2/rating/info/csa18.png</value>
		<value condition="String.Contains(ListItem.mpaa,전체)">flags2/rating/info/KR_Certificate_All.png</value>
		<value condition="String.Contains(ListItem.mpaa,12세)">flags2/rating/info/KR_Certificate_12.png</value>
		<value condition="String.Contains(ListItem.mpaa,15세)">flags2/rating/info/KR_Certificate_15.png</value>
		<value condition="String.Contains(ListItem.mpaa,불가)">flags2/rating/info/KR_Certificate_18.png</value>
		<value condition="String.Contains(ListItem.mpaa,제한)">flags2/rating/info/KR_Certificate_R.png</value>
		<value condition="String.Contains(ListItem.mpaa,Brazil:Livre) | String.Contains(ListItem.mpaa,Livre)">flags2/rating/info/MPAA_Brazil_Livre.png</value>
		<value condition="String.Contains(ListItem.mpaa,Brazil:10) | String.Contains(ListItem.mpaa,10 anos)">flags2/rating/info/MPAA_Brazil_10.png</value>
		<value condition="String.Contains(ListItem.mpaa,Brazil:12) | String.Contains(ListItem.mpaa,12 anos)">flags2/rating/info/MPAA_Brazil_12.png</value>
		<value condition="String.Contains(ListItem.mpaa,Brazil:14) | String.Contains(ListItem.mpaa,14 anos)">flags2/rating/info/MPAA_Brazil_14.png</value>
		<value condition="String.Contains(ListItem.mpaa,Brazil:16) | String.Contains(ListItem.mpaa,16 anos)">flags2/rating/info/MPAA_Brazil_16.png</value>
		<value condition="String.Contains(ListItem.mpaa,Brazil:18) | String.Contains(ListItem.mpaa,18 anos)">flags2/rating/info/MPAA_Brazil_18.png</value>
		<value condition="String.Contains(ListItem.mpaa,Australia:)">$INFO[ListItem.MPAA,flags2/rating/info/australia_,.png]</value>
		<value>$INFO[ListItem.MPAA,flags2/rating/info/,.png]</value>
	</variable>
	
	<variable name="RatingFlagVar22">
		<value condition="String.Contains(ListItem.mpaa,US:G) | String.Contains(ListItem.mpaa,USA:G) | String.Contains(ListItem.mpaa,Rated G)">flags2/rating/info/mpaa_g_certificate_us.png</value>
		<value condition="String.Contains(ListItem.mpaa,PG-13)">flags2/rating/info/mpaa_pg-13_certificate_us.png</value>
		<value condition="String.Contains(ListItem.mpaa,Rated PG) | String.IsEqual(ListItem.Mpaa,PG)">flags2/rating/info/mpaa_pg_certificate_us.png</value>
		
		<value condition="String.Contains(ListItem.mpaa,US:R) | String.Contains(ListItem.mpaa,USA:R) | String.Contains(ListItem.mpaa,Rated) | String.Contains(ListItem.mpaa,Rated R) | String.IsEqual(ListItem.mpaa,R)">flags2/rating/info/mpaa_r_certificate_us.png</value>
		<value condition="String.Contains(ListItem.mpaa,US:NC-17)| String.Contains(ListItem.mpaa,USA:NC-17)| String.Contains(ListItem.mpaa,Rated NC-17)">flags2/rating/info/mpaa_nc-17_certificate_us.png</value>
		<value condition="String.Contains(ListItem.mpaa,UK:U)">flags/mpaa/BBFC_U_Certificate_UK.png</value>
		<value condition="String.Contains(ListItem.mpaa,UK:PG)">flags/mpaa/BBFC_PG_Certificate_UK.png</value>
		<value condition="String.Contains(ListItem.mpaa,UK:12A)">flags/mpaa/BBFC_12A_Certificate_UK.png</value>
		<value condition="String.Contains(ListItem.mpaa,UK:12)">flags/mpaa/BBFC_12_Certificate_UK.png</value>
		<value condition="String.Contains(ListItem.mpaa,UK:15)">flags/mpaa/BBFC_15_Certificate_UK.png</value>
		<value condition="String.Contains(ListItem.mpaa,UK:18)">flags/mpaa/BBFC_18_Certificate_UK.png</value>
		<value condition="String.Contains(ListItem.mpaa,Germany:16) | String.Contains(ListItem.mpaa,ab 16) | String.IsEqual(ListItem.mpaa,16) | String.Contains(ListItem.mpaa,FSK 16) | String.Contains(ListItem.mpaa,Rated 16)">flags2/rating/info/FSK-16.png</value>
		<value condition="String.Contains(ListItem.mpaa,Germany:6)| String.Contains(ListItem.mpaa,ab 6) | String.IsEqual(ListItem.mpaa,6) | String.Contains(ListItem.mpaa,FSK 16) | String.Contains(ListItem.mpaa,Rated 6)">flags2/rating/info/FSK-6.png</value>
		<value condition="String.Contains(ListItem.mpaa,Germany:12) | String.Contains(ListItem.mpaa,ab 12) | String.IsEqual(ListItem.mpaa,12) | String.Contains(ListItem.mpaa,FSK 12) | String.Contains(ListItem.mpaa,Rated 12)">flags2/rating/info/FSK-12.png</value>
		<value condition="String.Contains(ListItem.mpaa,Germany:18) | String.Contains(ListItem.mpaa,ab 18) | String.IsEqual(ListItem.mpaa,18) | String.Contains(ListItem.mpaa,FSK 18) | String.Contains(ListItem.mpaa,Rated 18)">flags2/rating/info/FSK-18.png</value>
		<value condition="String.Contains(ListItem.mpaa,Germany)|String.Contains(ListItem.mpaa,FSK)| String.Contains(ListItem.mpaa,o.A)| String.Contains(ListItem.mpaa,Rated 0)">flags2/rating/info/FSK-0.png</value>
		<value condition="String.Contains(ListItem.mpaa,besorolás alatt)">flags/mpaa/HU_BA.png</value>
		<value condition="String.Contains(ListItem.mpaa,korhatárra való tekintett nélkül megtekintetheto)">flags/mpaa/HU_KN.png</value>
		<value condition="String.Contains(ListItem.mpaa,12 éven aluliak számára a megtekintése nagykorú felügyelete mellett ajánlott)">flags/mpaa/HU_12.png</value>
		<value condition="String.Contains(ListItem.mpaa,16 éven aluliak számára nem ajánlott)">flags/mpaa/HU_16.png</value>
		<value condition="String.Contains(ListItem.mpaa,18 éven aluliak számára nem ajánlott)">flags/mpaa/HU_18.png</value>
		<value condition="String.Contains(ListItem.mpaa,France:U) | String.Contains(ListItem.mpaa,partir de 3 ans) | String.Contains(ListItem.mpaa,partir de 6 ans)">flags/mpaa/csaU.png</value>
		<value condition="String.Contains(ListItem.mpaa,France:-10) | String.Contains(ListItem.mpaa,Interdit aux moins de 10 ans) | String.Contains(ListItem.mpaa,des propos ou des images peuvent heurter)">flags/mpaa/csa10.png</value>
		<value condition="String.Contains(ListItem.mpaa,France:-12) | String.Contains(ListItem.mpaa,Interdit aux moins de 12 ans)">flags/mpaa/csa12.png</value>
		<value condition="String.Contains(ListItem.mpaa,France:-16) | String.Contains(ListItem.mpaa,Interdit aux moins de 16 ans)">flags/mpaa/csa16.png</value>
		<value condition="String.Contains(ListItem.mpaa,France:-18) | String.Contains(ListItem.mpaa,Interdit aux moins de 18 ans)">flags/mpaa/csa18.png</value>
		<value condition="String.Contains(ListItem.mpaa,전체)">flags/mpaa/KR_Certificate_All.png</value>
		<value condition="String.Contains(ListItem.mpaa,12세)">flags/mpaa/KR_Certificate_12.png</value>
		<value condition="String.Contains(ListItem.mpaa,15세)">flags/mpaa/KR_Certificate_15.png</value>
		<value condition="String.Contains(ListItem.mpaa,불가)">flags/mpaa/KR_Certificate_18.png</value>
		<value condition="String.Contains(ListItem.mpaa,제한)">flags/mpaa/KR_Certificate_R.png</value>
		<value condition="String.Contains(ListItem.mpaa,Brazil:Livre) | String.Contains(ListItem.mpaa,Livre)">flags/mpaa/MPAA_Brazil_Livre.png</value>
		<value condition="String.Contains(ListItem.mpaa,Brazil:10) | String.Contains(ListItem.mpaa,10 anos)">flags/mpaa/MPAA_Brazil_10.png</value>
		<value condition="String.Contains(ListItem.mpaa,Brazil:12) | String.Contains(ListItem.mpaa,12 anos)">flags/mpaa/MPAA_Brazil_12.png</value>
		<value condition="String.Contains(ListItem.mpaa,Brazil:14) | String.Contains(ListItem.mpaa,14 anos)">flags/mpaa/MPAA_Brazil_14.png</value>
		<value condition="String.Contains(ListItem.mpaa,Brazil:16) | String.Contains(ListItem.mpaa,16 anos)">flags/mpaa/MPAA_Brazil_16.png</value>
		<value condition="String.Contains(ListItem.mpaa,Brazil:18) | String.Contains(ListItem.mpaa,18 anos)">flags/mpaa/MPAA_Brazil_18.png</value>
		<value condition="String.Contains(ListItem.mpaa,Australia:)">$INFO[ListItem.MPAA,flags/mpaa/australia_,.png]</value>
		<value>$INFO[ListItem.MPAA,flags/mpaa/,.png]</value>
	</variable>
	
	<variable name="RatingFlagVar">
		<value condition="String.Contains(ListItem.mpaa,US:G) | String.Contains(ListItem.mpaa,USA:G) | String.Contains(ListItem.mpaa,Rated G)">flags/mpaa/g.png</value>
		<value condition="String.Contains(ListItem.mpaa,PG-13)">flags/mpaa/pg-13.png</value>
		<value condition="String.Contains(ListItem.mpaa,Rated PG) | String.IsEqual(ListItem.Mpaa,PG)">flags/mpaa/pg.png</value>
		<value condition="String.Contains(ListItem.mpaa,US:R) | String.Contains(ListItem.mpaa,USA:R) | String.Contains(ListItem.mpaa,Rated R) | String.Contains(ListItem.mpaa,Rated) | String.IsEqual(ListItem.mpaa,R)">flags/mpaa/r.png</value>
		<value condition="String.Contains(ListItem.mpaa,US:NC-17)| String.Contains(ListItem.mpaa,USA:NC-17)| String.Contains(ListItem.mpaa,Rated NC-17)">flags/mpaa/nc-17.png</value>
		<value condition="String.Contains(ListItem.mpaa,UK:U)">flags/mpaa/BBFC_U_Certificate_UK.png</value>
		<value condition="String.Contains(ListItem.mpaa,UK:PG)">flags/mpaa/BBFC_PG_Certificate_UK.png</value>
		<value condition="String.Contains(ListItem.mpaa,UK:12A)">flags/mpaa/BBFC_12A_Certificate_UK.png</value>
		<value condition="String.Contains(ListItem.mpaa,UK:12)">flags/mpaa/BBFC_12_Certificate_UK.png</value>
		<value condition="String.Contains(ListItem.mpaa,UK:15)">flags/mpaa/BBFC_15_Certificate_UK.png</value>
		<value condition="String.Contains(ListItem.mpaa,UK:18)">flags/mpaa/BBFC_18_Certificate_UK.png</value>
		<value condition="String.Contains(ListItem.mpaa,Germany:16) | String.Contains(ListItem.mpaa,ab 16) | String.IsEqual(ListItem.mpaa,16) | String.Contains(ListItem.mpaa,FSK 16) | String.Contains(ListItem.mpaa,Rated 16)">flags/mpaa/FSK-16.png</value>
		<value condition="String.Contains(ListItem.mpaa,Germany:6)| String.Contains(ListItem.mpaa,ab 6) | String.IsEqual(ListItem.mpaa,6) | String.Contains(ListItem.mpaa,FSK 16) | String.Contains(ListItem.mpaa,Rated 6)">flags/mpaa/FSK-6.png</value>
		<value condition="String.Contains(ListItem.mpaa,Germany:12) | String.Contains(ListItem.mpaa,ab 12) | String.IsEqual(ListItem.mpaa,12) | String.Contains(ListItem.mpaa,FSK 12) | String.Contains(ListItem.mpaa,Rated 12)">flags/mpaa/FSK-12.png</value>
		<value condition="String.Contains(ListItem.mpaa,Germany:18) | String.Contains(ListItem.mpaa,ab 18) | String.IsEqual(ListItem.mpaa,18) | String.Contains(ListItem.mpaa,FSK 18) | String.Contains(ListItem.mpaa,Rated 18)">flags/mpaa/FSK-18.png</value>
		<value condition="String.Contains(ListItem.mpaa,Germany)|String.Contains(ListItem.mpaa,FSK)| String.Contains(ListItem.mpaa,o.A)| String.Contains(ListItem.mpaa,Rated 0)">flags/mpaa/FSK-0.png</value>
		<value condition="String.Contains(ListItem.mpaa,besorolás alatt)">flags/mpaa/HU_BA.png</value>
		<value condition="String.Contains(ListItem.mpaa,korhatárra való tekintett nélkül megtekintetheto)">flags/mpaa/HU_KN.png</value>
		<value condition="String.Contains(ListItem.mpaa,12 éven aluliak számára a megtekintése nagykorú felügyelete mellett ajánlott)">flags/mpaa/HU_12.png</value>
		<value condition="String.Contains(ListItem.mpaa,16 éven aluliak számára nem ajánlott)">flags/mpaa/HU_16.png</value>
		<value condition="String.Contains(ListItem.mpaa,18 éven aluliak számára nem ajánlott)">flags/mpaa/HU_18.png</value>
		<value condition="String.Contains(ListItem.mpaa,France:U) | String.Contains(ListItem.mpaa,partir de 3 ans) | String.Contains(ListItem.mpaa,partir de 6 ans)">flags/mpaa/csaU.png</value>
		<value condition="String.Contains(ListItem.mpaa,France:-10) | String.Contains(ListItem.mpaa,Interdit aux moins de 10 ans) | String.Contains(ListItem.mpaa,des propos ou des images peuvent heurter)">flags/mpaa/csa10.png</value>
		<value condition="String.Contains(ListItem.mpaa,France:-12) | String.Contains(ListItem.mpaa,Interdit aux moins de 12 ans)">flags/mpaa/csa12.png</value>
		<value condition="String.Contains(ListItem.mpaa,France:-16) | String.Contains(ListItem.mpaa,Interdit aux moins de 16 ans)">flags/mpaa/csa16.png</value>
		<value condition="String.Contains(ListItem.mpaa,France:-18) | String.Contains(ListItem.mpaa,Interdit aux moins de 18 ans)">flags/mpaa/csa18.png</value>
		<value condition="String.Contains(ListItem.mpaa,전체)">flags/mpaa/KR_Certificate_All.png</value>
		<value condition="String.Contains(ListItem.mpaa,12세)">flags/mpaa/KR_Certificate_12.png</value>
		<value condition="String.Contains(ListItem.mpaa,15세)">flags/mpaa/KR_Certificate_15.png</value>
		<value condition="String.Contains(ListItem.mpaa,불가)">flags/mpaa/KR_Certificate_18.png</value>
		<value condition="String.Contains(ListItem.mpaa,제한)">flags/mpaa/KR_Certificate_R.png</value>
		<value condition="String.Contains(ListItem.mpaa,Brazil:Livre) | String.Contains(ListItem.mpaa,Livre)">flags/mpaa/MPAA_Brazil_Livre.png</value>
		<value condition="String.Contains(ListItem.mpaa,Brazil:10) | String.Contains(ListItem.mpaa,10 anos)">flags/mpaa/MPAA_Brazil_10.png</value>
		<value condition="String.Contains(ListItem.mpaa,Brazil:12) | String.Contains(ListItem.mpaa,12 anos)">flags/mpaa/MPAA_Brazil_12.png</value>
		<value condition="String.Contains(ListItem.mpaa,Brazil:14) | String.Contains(ListItem.mpaa,14 anos)">flags/mpaa/MPAA_Brazil_14.png</value>
		<value condition="String.Contains(ListItem.mpaa,Brazil:16) | String.Contains(ListItem.mpaa,16 anos)">flags/mpaa/MPAA_Brazil_16.png</value>
		<value condition="String.Contains(ListItem.mpaa,Brazil:18) | String.Contains(ListItem.mpaa,18 anos)">flags/mpaa/MPAA_Brazil_18.png</value>
		<value condition="String.Contains(ListItem.mpaa,Australia:)">$INFO[ListItem.MPAA,flags/mpaa/australia_,.png]</value>
		<value>$INFO[ListItem.MPAA,flags/mpaa/,.png]</value>
	</variable>
	
	

    <variable name="GlobalFanart">
        <value condition="Window.IsActive(script-globalsearch-infodialog.xml) | Window.IsActive(script-globalsearch-main.xml)">$VAR[GlobalSearchArtInfo]</value>
        <value condition="[Window.IsVisible(script-script.extendedinfo-DialogVideoInfo.xml) + String.IsEmpty(Window(home).Property(ExtendedInfo_fanart))] | Window.IsVisible(script-script.extendedinfo-DialogInfo.xml) | Window.IsVisible(script-NextAired-TVGuide.xml) | Window.IsVisible(script-NextAired-TVGuide2.xml)">actorbg.jpg</value>
        <value condition="Window.IsVisible(script-script.extendedinfo-DialogVideoInfo.xml) + !String.IsEmpty(Window(home).Property(ExtendedInfo_fanart))">$INFO[Window(home).Property(ExtendedInfo_fanart)]</value>
        <value condition="Window.IsVisible(weather) + !String.IsEmpty(Skin.String(weather.fanart.path))">$INFO[Skin.String(weather.fanart.path)]$INFO[Window(Weather).Property(Current.FanartCode)]/</value>
        <value condition="Window.IsVisible(home) + !String.IsEmpty(Skin.String(weather.fanart.path)) + String.Contains(Container(300).ListItem.Property(widget),Weather) + !Skin.HasSetting(home.dontshowfanart)">$INFO[Skin.String(weather.fanart.path)]$INFO[Window(Weather).Property(Current.FanartCode)]/</value>
        <value condition="Window.IsVisible(home) + !String.IsEmpty(Container(301).ListItem.Art(fanart)) + [!Skin.HasSetting(home.dontshowfanart) | Control.HasFocus(301)] + Control.IsVisible(301)">$INFO[Container(301).ListItem.Art(fanart)]</value>
        <value condition="Window.IsVisible(home) + !String.IsEmpty(Container(301).ListItem.Property(fanart)) + [!Skin.HasSetting(home.dontshowfanart) | Control.HasFocus(301)] + Control.IsVisible(301)">$INFO[Container(301).ListItem.Property(fanart)]</value>
        
        <value condition="Window.IsVisible(home) + String.IsEqual(Container(300).ListItem.Property(background),playlistBackground)">$INFO[Container(9988).ListItem.Art(fanart)]</value>
        <value condition="Window.IsVisible(home) + !String.IsEmpty(Container(300).ListItem.Property(Background))">$INFO[Container(300).ListItem.Property(Background)]</value>
        <value condition="Window.IsVisible(home) + !String.IsEmpty(Skin.String(home.slideshowpath)) + [String.Contains(Container(300).ListItem.Property(widget),Weather) | String.IsEmpty(Container(300).ListItem.Property(widget)) | Container(301).IsUpdating |  Skin.HasSetting(home.dontshowfanart)]">$INFO[Skin.String(home.slideshowpath)]</value>
        <value condition="Window.IsVisible(home) + !String.IsEmpty(Skin.String(weather.fanart.path)) + Skin.HasSetting(home.showweatherfanart) + [String.IsEmpty(Container(300).ListItem.Property(widget)) | Container(301).IsUpdating]">$INFO[Skin.String(weather.fanart.path)]$INFO[Window(Weather).Property(Current.FanartCode)]/</value>
        <value condition="Window.IsVisible(home) + !Container(301).IsUpdating + !String.IsEmpty(Skin.String(fanart.fallback))">$INFO[Skin.String(fanart.fallback)]</value>
        <value condition="Window.IsVisible(home) + !Container(301).IsUpdating">pvr/background.jpg</value>
        <value condition="!String.IsEmpty(Window(Home).Property(SkinHelper.ExtraFanArtPath)) + Skin.HasSetting(SkinHelper.EnableExtraFanart) + System.HasAddon(script.skin.helper.service) + Window.IsVisible(MyVideoNav.xml)">$INFO[Window(Home).Property(SkinHelper.ExtraFanArtPath)]</value>
        <value condition="!String.IsEmpty(ListItem.Art(fanart))">$INFO[ListItem.Art(fanart)]</value>
        <value condition="!String.IsEmpty(Container(9500).ListItem.Art(fanart))">$INFO[Container(9500).ListItem.Art(fanart)]</value>
        <value condition="!String.IsEmpty(ListItem.Property(Fanart_Image))">$INFO[ListItem.Property(Fanart_Image)]</value>
        <value condition="!String.IsEmpty(ListItem.Property(Fanart))">$INFO[ListItem.Property(Fanart)]</value>
        <value condition="!String.IsEmpty(Skin.String(fanart.fallback))">$INFO[Skin.String(fanart.fallback)]</value>
        <value>common/null.png</value>
    </variable>
    
    <include name="GlobalVideoWindow">
        <control type="image" description="Background">
            <include>Dimensions_Fullscreen</include>
            <texture colordiffuse="Background">common/bg.jpg</texture>
        </control>
        <control type="image" description="Background">
            <include>Dimensions_Fullscreen</include>
            <texture colordiffuse="Black">common/white.png</texture>
            <visible>Player.HasVideo + Skin.HasSetting(global.showvideo)</visible>
        </control>
        <control type="videowindow">
            <visible>Skin.HasSetting(global.showvideo)</visible>
            <include>Dimensions_Fullscreen</include>
        </control>
    </include>
    <include name="GlobalVisualisation">
        <control type="group">
            <visible>Player.HasAudio + Skin.HasSetting(global.showvisualisation)</visible>
            <control type="visualisation">
                <visible>Skin.HasSetting(ArtistSlideShow.Disabled) | !System.HasAddon(script.artistslideshow) | Skin.HasSetting(OSDVisualisation.ShowFanart)</visible>
                <description>visualisation</description>
                <include>Dimensions_Fullscreen</include>
            </control>
            <control type="multiimage">
                <aspectratio>scale</aspectratio>
                <include>Dimensions_Fullscreen</include>
                <timeperimage>10000</timeperimage>
                <randomize>true</randomize>
                <fadetime>600</fadetime>
                <loop>yes</loop>
                <imagepath background="true">$INFO[Window(Visualisation).Property(ArtistSlideshow)]</imagepath>
                <visible>System.HasAddon(script.artistslideshow) + !Skin.HasSetting(ArtistSlideShow.Disabled)</visible>
                <animation effect="fade" start="100" end="65" time="0" condition="Skin.HasSetting(OSDVisualisation.ShowFanart)">Conditional</animation>
                <animation effect="zoom" start="110" end="130" center="auto" time="10000" tween="sine" easing="inout" pulse="true" condition="Skin.HasSetting(ArtistSlideshow.Animate)">Conditional</animation>
                <animation effect="slide" start="-30,-30" end="30,30" time="6000" tween="sine" easing="inout" pulse="true" condition="Skin.HasSetting(ArtistSlideshow.Animate)">Conditional</animation>
            </control>
        </control>
    </include>
	
    <include name="GlobalBackgroundFade">
	<colordiffuse>FanartFade</colordiffuse>
	</include>
	
    <include name="GlobalBackground">
        <include>GlobalVideoWindow</include>
        <include>GlobalVisualisation</include>
        <control type="image" description="Background">
            <include>Dimensions_Fullscreen</include>
            <include condition="!Skin.HasSetting(home.vertical)">Animation.FadeFromHome</include>
            <texture colordiffuse="Background">common/bg.jpg</texture>
            <visible>!Window.IsVisible(home) | Skin.HasSetting(home.vertical)</visible>
            <animation effect="fade" start="100" end="75" time="200" condition="Player.HasVideo + Skin.HasSetting(global.showvideo) | Player.HasAudio + Skin.HasSetting(global.showvisualisation)">Conditional</animation>
        </control>
		
		
		
		
		
		
        <control type="multiimage" description="Fanart">
            <include condition="!Window.IsVisible(home) | Skin.HasSetting(home.vertical)">GlobalBackgroundFade</include>
            <visible>!Player.HasMedia | [!Skin.HasSetting(global.showvideo) + Player.HasVideo] | [!Skin.HasSetting(global.showvisualisation) + Player.HasAudio]</visible>
            <visible>!Skin.HasSetting(global.hidefanart) | Window.IsVisible(home)</visible>
	
            <include>Dimensions_Fullscreen</include>
            <include>Animation.FadeFromHome</include>
            <animation effect="fade" end="0" start="100" time="350" tween="cubic" easing="inout" condition="Window.IsVisible(home)">WindowClose</animation>
            <fadetime>600</fadetime>
            <timeperimage>12000</timeperimage>
            <randomize>true</randomize>
            <aspectratio>scale</aspectratio>
            <imagepath background="true">$VAR[GlobalFanart]</imagepath>
            <animation effect="zoom" start="110" end="120" center="auto" time="10000" tween="sine" easing="inout" pulse="true" condition="Skin.HasSetting(Fanart.Animate)">Conditional</animation>
            <animation effect="slide" start="-20,-20" end="20,20" time="6000" tween="sine" easing="inout" pulse="true" condition="Skin.HasSetting(Fanart.Animate)">Conditional</animation>
        </control>
		
	
		
		
		
		
		
		
		
        <control type="image" description="Fanart Fallback always">
            <include>GlobalBackgroundFade</include>
            <visible>!Player.HasMedia | [!Skin.HasSetting(global.showvideo) + Player.HasVideo] | [!Skin.HasSetting(global.showvisualisation) + Player.HasAudio]</visible>
            <include>Dimensions_Fullscreen</include>
            <visible>!Window.IsVisible(home) + Skin.HasSetting(global.hidefanart) + !String.IsEmpty(Skin.String(fanart.fallback))</visible>

            <include>Animation.FadeFromHome</include>
            <aspectratio>scale</aspectratio>
            <texture background="true">$INFO[Skin.String(fanart.fallback)]</texture>
            <animation effect="zoom" start="110" end="120" center="auto" time="10000" tween="sine" easing="inout" pulse="true" condition="Skin.HasSetting(Fanart.Animate)">Conditional</animation>
            <animation effect="slide" start="-20,-20" end="20,20" time="6000" tween="sine" easing="inout" pulse="true" condition="Skin.HasSetting(Fanart.Animate)">Conditional</animation>
        </control>
        <control type="image" description="FanartOverlay">
            <include>Dimensions_Fullscreen</include>
            <visible>!Window.IsVisible(home) | Skin.HasSetting(home.vertical)</visible>

            <include condition="!Skin.HasSetting(home.vertical)">Animation.FadeFromHome</include>
            <texture colordiffuse="FloorFade">common/floor.png</texture>
        </control>
		
		
		
		<!--
		
		<control type="image">
			<visible>Control.IsVisible(501) + !Window.IsVisible(DialogVideoInfo.xml)</visible>
			<top>0</top>
			<left>0</left>
			<aspectratio scalediffuse="false">scale</aspectratio>
			<texture background="true">backg/trans.png</texture>
		</control>
		
		<control type="image" description="Background">
			
			<visible>Window.IsVisible(DialogVideoInfo.xml)</visible>
			<include>Dimensions_Fullscreen</include>
			<include condition="!Skin.HasSetting(home.vertical)">Animation.FadeFromHome</include>
			<texture colordiffuse="Background">common/bg.jpg</texture>
			
			<animation effect="fade" start="0" end="80" time="300">Visible</animation>
			<animation effect="fade" start="75" end="0" time="200">Hidden</animation>
		</control>
		-->
		
	
		
		
        
    </include>
    <include name="GlobalBackgroundExtended">
        <control type="image" description="Background">
            <include>Dimensions_Fullscreen</include>
            <include condition="!Skin.HasSetting(home.vertical)">Animation.FadeFromHome</include>
            <texture colordiffuse="Background">common/bg.jpg</texture>
        </control>
        <control type="multiimage" description="Fanart">
            <include>GlobalBackgroundFade</include>
            <visible>!Skin.HasSetting(global.hidefanart)</visible>
            <include>Dimensions_Fullscreen</include>
            <include condition="!Skin.HasSetting(home.vertical)">Animation.FadeFromHome</include>
            <fadetime>600</fadetime>
            <timeperimage>12000</timeperimage>
            <randomize>true</randomize>
            <aspectratio>scale</aspectratio>
            <imagepath background="true">$VAR[GlobalFanart]</imagepath>
            <animation effect="zoom" start="110" end="120" center="auto" time="10000" tween="sine" easing="inout" pulse="true" condition="Skin.HasSetting(Fanart.Animate)">Conditional</animation>
            <animation effect="slide" start="-20,-20" end="20,20" time="6000" tween="sine" easing="inout" pulse="true" condition="Skin.HasSetting(Fanart.Animate)">Conditional</animation>
        </control>
        <control type="image" description="FanartOverlay">
            <include>Dimensions_Fullscreen</include>
            <include condition="!Skin.HasSetting(home.vertical)">Animation.FadeFromHome</include>
            <texture colordiffuse="FloorFade">common/floor.png</texture>
        </control>
        
    </include>
	
	
	<include name="JumpBarHorizontal">
	
	
		<control type="image">	
			<visible>Control.HasFocus(60) | Control.HasFocus(1602) | Control.HasFocus(1600) | Control.HasFocus(1609) | Control.HasFocus(1603) | Control.HasFocus(1605) | Control.HasFocus(1606) | Control.HasFocus(1604) | Control.HasFocus(1607) | Control.HasFocus(1619) | Control.HasFocus(1620) | Control.HasFocus(1624) | Control.HasFocus(1625) | Control.HasFocus(1635) | Control.HasFocus(1627)</visible>	
			<visible>Container.Content(movies) | Container.Content(tvshows) | Container.Content(actors) | Container.Content(addons)</visible>
			<left>1869</left>
			<top>514</top>
			<width>16</width>
			<height>16</height>
			<texture colordiffuse="Dark1" flipx="false">common/arrow-small-right.png</texture>
			<include>Animation.DelayFadeIn3</include>
		</control>
		
		<control type="image">	
			<visible>Control.HasFocus(1615) | Control.HasFocus(1639) | Control.HasFocus(1623)</visible>	
			<visible>Container.Content(movies) | Container.Content(tvshows) | Container.Content(actors) | Container.Content(addons)</visible>
			<left>950</left>
			<top>876</top>
			<width>16</width>
			<height>16</height>
			<texture colordiffuse="Dark1" flipx="false">common/arrow-small.png</texture>
			<include>Animation.DelayFadeIn3</include>
		</control>
		
	
		<control type="group">
		
		<animation effect="slide" start="80,0" end="0,0" reversible="false" time="600" tween="quadratic" condition="ControlGroup(290000).HasFocus()">Conditional</animation>
		<animation effect="slide" start="0,0" end="100,0" reversible="false" time="2500" tween="quadratic" condition="!ControlGroup(290000).HasFocus()">Hidden</animation>		
		
		
		<visible allowhiddenfocus="true">[ControlGroup(290000).HasFocus() + Container.Content(movies)] | [ControlGroup(290000).HasFocus() + Container.Content(tvshows)] | [ControlGroup(290000).HasFocus() + Container.Content(actors)] | [ControlGroup(290000).HasFocus() + Container.Content(addons)]</visible>
		    <control type="image">				
				<left>1879</left>
				<top>214</top>
				<width>230</width>
				<height>645</height>
				<texture colordiffuse="Box2" background="true">common/box3.png</texture>
			</control>
			<control type="image">			
				<left>1880</left>
				<top>215</top>
				<width>230</width>
				<height>643</height>
				<texture colordiffuse="FloorFade" background="true">common/eins.png</texture>			
			</control>			
			<control type="grouplist" id="290000">
				<visible allowhiddenfocus="true">ControlGroup(290000).HasFocus()</visible>
				<include>Animation.FadeOutDelay</include>
				<left>1870</left>
				<top>135</top>
				<width>220</width>
				<height>800</height>
				<onup>290000</onup>
				<ondown>290000</ondown>
				<itemgap>10</itemgap>
				<onleft>$VAR[ClickToJump]</onleft>
				<onright>50</onright>
				<onright>SetFocus(1869)</onright>
				<orientation>vertical</orientation>
				<align>center</align>
				<control type="button" id="290001">
					<include>JumpTo</include>
					<label>ABC</label>
					<onclick>Action(JumpSMS2)</onclick>
					<onclick>SetFocus(50)</onclick>
				</control>
				<control type="button" id="290002">
					<include>JumpTo</include>
					<label>DEF</label>
					<onclick>Action(JumpSMS3)</onclick>
					<onclick>SetFocus(50)</onclick>
				</control>
				<control type="button" id="290003">
					<include>JumpTo</include>
					<label>GHI</label>
					<onclick>Action(JumpSMS4)</onclick>
					<onclick>SetFocus(50)</onclick>
				</control>
				<control type="button" id="290004">
					<include>JumpTo</include>
					<label>JKL</label>
					<onclick>Action(JumpSMS5)</onclick>
					<onclick>SetFocus(50)</onclick>
				</control>
				<control type="button" id="290005">
					<include>JumpTo</include>
					<label>MNO</label>
					<onclick>Action(JumpSMS6)</onclick>
					<onclick>SetFocus(50)</onclick>
				</control>
				<control type="button" id="290006">
					<include>JumpTo</include>
					<label>PQRS</label>
					<onclick>Action(JumpSMS7)</onclick>
					<onclick>SetFocus(50)</onclick>
				</control>
				<control type="button" id="290007">
					<include>JumpTo</include>
					<label>TUV</label>
					<onclick>Action(JumpSMS8)</onclick>
					<onclick>SetFocus(50)</onclick>
				</control>
				<control type="button" id="290008">
					<include>JumpTo</include>
					<label>WXYZ</label>
					<onclick>Action(JumpSMS9)</onclick>
					<onclick>SetFocus(50)</onclick>
				</control>
			</control>			
		</control>
	</include>
	<include name="JumpTo">
		<left>0</left>
		<top>0</top>
		<width>150</width>
		<height>70</height>		
		<font>Small333</font>
		<focusedcolor>$VAR[ColorHighlight]</focusedcolor>
		<align>center</align>
		<onclick>$VAR[ClickToJump]</onclick>
	</include>
	<variable name="ClickToJump">
		<value condition="Control.IsVisible(501)">SetFocus(501)</value>
		<value condition="Control.IsVisible(507)">SetFocus(507)</value>	
		<value condition="Control.IsVisible(504)">SetFocus(504)</value>
		<value condition="Control.IsVisible(50)">SetFocus(50)</value>
		<value condition="Control.IsVisible(51)">SetFocus(51)</value>
		<value condition="Control.IsVisible(52)">SetFocus(52)</value>
		<value condition="Control.IsVisible(53)">SetFocus(53)</value>
		<value condition="Control.IsVisible(54)">SetFocus(54)</value>	
		<value condition="Control.IsVisible(56)">SetFocus(56)</value>	
		<value condition="Control.IsVisible(57)">SetFocus(57)</value>
		<value condition="Control.IsVisible(58)">SetFocus(58)</value>
		<value condition="Control.IsVisible(59)">SetFocus(59)</value>
		<value condition="Control.IsVisible(500)">SetFocus(500)</value>
		<value condition="Control.IsVisible(55)">SetFocus(55)</value>
		<value condition="Control.IsVisible(555)">SetFocus(555)</value>
	</variable>
	
	<include name="ScrollTextWidget">
		<autoscroll delay="2000" time="2500" repeat="10000">true</autoscroll>
	</include>
	<include name="NoScrollTextWidget">
		<scroll>false</scroll>
		<autoscroll>false</autoscroll>
	</include>
	
</includes>
