<?xml version="1.0" encoding="UTF-8" standalone="yes"?>
<addon id="plugin.video.uranus" version="2018.11.28" name="Uranus" provider-name="Uranus NL versie easy2use.tv">
    <requires>
        <import addon="xbmc.python" version="2.19.0"/>
        <import addon="script.uranus.artwork" version="2018.02.20"/>
        <import addon="script.module.resolveurl" />
        <import addon="script.module.metahandler" version="2.9.0"/>
        <import addon="script.module.requests" version="2.12.4"/>
        <import addon="script.module.beautifulsoup" version="3.2.1"/>
        <import addon="script.module.schism.common" version="2017.06.08"/>
        <import addon="script.module.futures" version="2.2.0"/>
        <import addon="script.module.universalscrapers" version="1.0.0"/>
    </requires>
    <extension point="xbmc.python.pluginsource" library="uranus.py">
        <provides>video</provides>
    </extension>
    <extension point="xbmc.addon.metadata">
        <summary lang="en">Uranus movies and TV shows</summary>
        <description lang="en">Vertaald door easy2use.tv Bekijk films en tv-shows in hoge kwaliteit! Merk op dat deze add-on geen officieel onderdeel van de Kodi-mediaspeler is en daarom niet in de officiële ondersteuningskanalen van Kodi vermeld mag worden. Deze add-on heeft niets te maken met de mediaspeler zelf, noch met het bedoelde gebruik, het is gewoon een externe plug-in die aan uw systeem is toegevoegd.</description>
        <disclaimer lang="en">De auteur host geen inhoud en is ook niet gelieerd aan een van de contentproviders.</disclaimer>
        <platform>all</platform>
        <news>Vertaald door Easy2use.tv</news>
        <assets>
            <icon>icon.png</icon>
            <fanart>fanart.jpg</fanart>
        </assets>
    </extension>
</addon>
