<?xml version='1.0' encoding='UTF-8'?>
<shortcuts>
	<shortcut>
		<defaultID />
		<label>Fox sport 1</label>
		<label2>Custom item</label2>
		<icon>DefaultShortcut.png</icon>
		<thumb />
		<action>PlayMedia("plugin://plugin.video.playlistLoader/?url=http%3A%2F%2F82.197.194.46%3A8000%2Flive%2FlCELhh3R1K%2Fmqfhb3del6%2F361.m3u8&amp;mode=3&amp;name=FOX+Sports+1+HD&amp;iconimage=&amp;logos=&amp;index=-1&amp;move=0",return)</action>
	</shortcut>
	<shortcut>
		<defaultID />
		<label>Fox sport 2</label>
		<label2>Custom item</label2>
		<icon>DefaultShortcut.png</icon>
		<thumb />
		<action>PlayMedia("plugin://plugin.video.playlistLoader/?url=http%3A%2F%2F82.197.194.46%3A8000%2Flive%2FlCELhh3R1K%2Fmqfhb3del6%2F1229.m3u8&amp;mode=3&amp;name=Fox+Sports+2+HD&amp;iconimage=&amp;logos=&amp;index=-1&amp;move=0",return)</action>
	</shortcut>
	<shortcut>
		<defaultID />
		<label>Fox sport 3</label>
		<label2>Custom item</label2>
		<icon>DefaultShortcut.png</icon>
		<thumb />
		<action>PlayMedia("plugin://plugin.video.playlistLoader/?url=http%3A%2F%2F82.197.194.46%3A8000%2Flive%2FlCELhh3R1K%2Fmqfhb3del6%2F1235.m3u8&amp;mode=3&amp;name=FOX+Sports+3+HD&amp;iconimage=&amp;logos=&amp;index=-1&amp;move=0",return)</action>
	</shortcut>
	<shortcut>
		<defaultID />
		<label>Fox sport 4</label>
		<label2>Custom item</label2>
		<icon>DefaultShortcut.png</icon>
		<thumb />
		<action>PlayMedia("plugin://plugin.video.playlistLoader/?url=http%3A%2F%2F82.197.194.46%3A8000%2Flive%2FlCELhh3R1K%2Fmqfhb3del6%2F1236.m3u8&amp;mode=3&amp;name=Fox+Sports+4+HD&amp;iconimage=&amp;logos=&amp;index=-1&amp;move=0",return)</action>
	</shortcut>
	<shortcut>
		<defaultID />
		<label>Fox sport 5</label>
		<label2>Custom item</label2>
		<icon>DefaultShortcut.png</icon>
		<thumb />
		<action>PlayMedia("plugin://plugin.video.playlistLoader/?url=http%3A%2F%2F82.197.194.46%3A8000%2Flive%2FlCELhh3R1K%2Fmqfhb3del6%2F1237.m3u8&amp;mode=3&amp;name=Fox+Sports+5+HD&amp;iconimage=&amp;logos=&amp;index=-1&amp;move=0",return)</action>
	</shortcut>
	<shortcut>
		<defaultID />
		<label>Fox sport 6</label>
		<label2>Custom item</label2>
		<icon>DefaultShortcut.png</icon>
		<thumb />
		<action>PlayMedia("plugin://plugin.video.playlistLoader/?url=http%3A%2F%2F82.197.194.46%3A8000%2Flive%2FlCELhh3R1K%2Fmqfhb3del6%2F1238.m3u8&amp;mode=3&amp;name=Fox+Sports+6+HD&amp;iconimage=&amp;logos=&amp;index=-1&amp;move=0",return)</action>
	</shortcut>
	<shortcut>
		<defaultID />
		<label>Sport international</label>
		<label2>Custom item</label2>
		<icon>DefaultShortcut.png</icon>
		<thumb />
		<action>ActivateWindow(Videos,"plugin://plugin.video.SportsDevil/?mode=1&amp;item=title%3DLive%2BSports%26url%3Dlivesports.cfg%26definedIn%3DmainMenu.cfg%26director%3DSportsDevil%26genre%3DLive%2BSports%26type%3Drss%26icon%3DC%253A%255CUsers%255Cwulle%255CAppData%255CRoaming%255CKodi%255Caddons%255Cplugin.video.SportsDevil%255Cresources%255Cimages%255Clivesports.png",return)</action>
	</shortcut>
</shortcuts>
