<?xml version='1.0' encoding='UTF-8'?>
<shortcuts>
	<shortcut>
		<defaultID />
		<label>1036</label>
		<label2>Custom item</label2>
		<icon>DefaultShortcut.png</icon>
		<thumb />
		<action>ActivateWindow(Videos,"plugin://plugin.video.exodus/?action=movies&amp;url=trending",return)</action>
	</shortcut>
	<shortcut>
		<defaultID />
		<label>Video Addons</label>
		<label2>Custom item</label2>
		<icon>DefaultShortcut.png</icon>
		<thumb />
		<action>ActivateWindow(Videos,Addons,return)</action>
	</shortcut>
	<shortcut>
		<defaultID />
		<label>Oscar Winnaars</label>
		<label2>Custom item</label2>
		<icon>DefaultShortcut.png</icon>
		<thumb />
		<action>ActivateWindow(Videos,"plugin://plugin.video.exodus/?action=movies&amp;url=oscars",return)</action>
	</shortcut>
	<shortcut>
		<defaultID />
		<label>Uitgelicht</label>
		<label2>Custom item</label2>
		<icon>DefaultShortcut.png</icon>
		<thumb />
		<action>ActivateWindow(Videos,"plugin://plugin.video.specto/?action=movies&amp;url=featured",return)</action>
	</shortcut>
	<shortcut>
		<defaultID />
		<label>Meeste Stemmen</label>
		<label2>Custom item</label2>
		<icon>DefaultShortcut.png</icon>
		<thumb />
		<action>ActivateWindow(Videos,"plugin://plugin.video.exodus/?action=movies&amp;url=views",return)</action>
	</shortcut>
	<shortcut>
		<defaultID />
		<label>In de Bioscoop</label>
		<label2>Custom item</label2>
		<icon>DefaultShortcut.png</icon>
		<thumb />
		<action>ActivateWindow(Videos,"plugin://plugin.video.exodus/?action=movies&amp;url=theaters",return)</action>
	</shortcut>
	<shortcut>
		<defaultID />
		<label>Nieuwe Films</label>
		<label2>Custom item</label2>
		<icon>DefaultShortcut.png</icon>
		<thumb />
		<action>ActivateWindow(Videos,"plugin://plugin.video.exodus/?action=movies&amp;url=featured",return)</action>
	</shortcut>
	<shortcut>
		<defaultID />
		<label>Populair</label>
		<label2>Custom item</label2>
		<icon>DefaultShortcut.png</icon>
		<thumb />
		<action>ActivateWindow(Videos,"plugin://plugin.video.exodus/?action=movies&amp;url=popular",return)</action>
	</shortcut>
</shortcuts>
