<?xml version='1.0' encoding='UTF-8'?>
<shortcuts>
	<shortcut>
		<defaultID />
		<label>Scenes</label>
		<label2>Custom item</label2>
		<icon>DefaultShortcut.png</icon>
		<thumb />
		<action>ActivateWindow(Videos,"plugin://plugin.video.uwc/?url=&amp;mode=1&amp;page=&amp;channel=None&amp;section=None&amp;keyword=&amp;name=%5BCOLOR+hotpink%5DWhitecream%5B%2FCOLOR%5D+%5BCOLOR+white%5DScenes%5B%2FCOLOR%5D",return)</action>
	</shortcut>
	<shortcut>
		<defaultID />
		<label>Movies</label>
		<label2>Custom item</label2>
		<icon>DefaultShortcut.png</icon>
		<thumb />
		<action>ActivateWindow(Videos,"plugin://plugin.video.uwc/?url=&amp;mode=2&amp;page=&amp;channel=None&amp;section=None&amp;keyword=&amp;name=%5BCOLOR+hotpink%5DWhitecream%5B%2FCOLOR%5D+%5BCOLOR+white%5DMovies%5B%2FCOLOR%5D",return)</action>
	</shortcut>
	<shortcut>
		<defaultID />
		<label>Hentai</label>
		<label2>Custom item</label2>
		<icon>DefaultShortcut.png</icon>
		<thumb />
		<action>ActivateWindow(Videos,"plugin://plugin.video.uwc/?url=&amp;mode=3&amp;page=&amp;channel=None&amp;section=None&amp;keyword=&amp;name=%5BCOLOR+hotpink%5DWhitecream%5B%2FCOLOR%5D+%5BCOLOR+white%5DHentai%5B%2FCOLOR%5D",return)</action>
	</shortcut>
	<shortcut>
		<defaultID />
		<label>Tubes</label>
		<label2>Custom item</label2>
		<icon>DefaultShortcut.png</icon>
		<thumb />
		<action>ActivateWindow(Videos,"plugin://plugin.video.uwc/?url=&amp;mode=6&amp;page=&amp;channel=None&amp;section=None&amp;keyword=&amp;name=%5BCOLOR+hotpink%5DWhitecream%5B%2FCOLOR%5D+%5BCOLOR+white%5DTubes%5B%2FCOLOR%5D",return)</action>
	</shortcut>
	<shortcut>
		<defaultID />
		<label>Webams&amp;streams</label>
		<label2>Custom item</label2>
		<icon>DefaultShortcut.png</icon>
		<thumb />
		<action>ActivateWindow(Videos,"plugin://plugin.video.uwc/?url=&amp;mode=7&amp;page=&amp;channel=None&amp;section=None&amp;keyword=&amp;name=%5BCOLOR+hotpink%5DWhitecream%5B%2FCOLOR%5D+%5BCOLOR+white%5DWebcams+%26+Streams%5B%2FCOLOR%5D",return)</action>
	</shortcut>
</shortcuts>
