<?xml version='1.0' encoding='UTF-8'?>
<shortcuts>
	<shortcut>
		<defaultID />
		<label>Populair</label>
		<label2>Custom item</label2>
		<icon>DefaultShortcut.png</icon>
		<thumb />
		<action>ActivateWindow(Videos,"plugin://plugin.video.youtube/special/popular_right_now/",return)</action>
	</shortcut>
	<shortcut>
		<defaultID />
		<label>Blader door kanalen</label>
		<label2>Custom item</label2>
		<icon>DefaultShortcut.png</icon>
		<thumb />
		<action>ActivateWindow(Videos,"plugin://plugin.video.youtube/special/browse_channels/",return)</action>
	</shortcut>
	<shortcut>
		<defaultID />
		<label>Live</label>
		<label2>Custom item</label2>
		<icon>DefaultShortcut.png</icon>
		<thumb />
		<action>ActivateWindow(Videos,"plugin://plugin.video.youtube/special/live/",return)</action>
	</shortcut>
</shortcuts>
