<?xml version='1.0' encoding='UTF-8'?>
<shortcuts>
	<shortcut>
		<defaultID />
		<label>RTL XL</label>
		<label2>Custom item</label2>
		<icon>DefaultShortcut.png</icon>
		<thumb />
		<action>ActivateWindow(Videos,"plugin://net.rieter.xot/?action=listfolder&amp;channel=chn_rtl",return)</action>
	</shortcut>
	<shortcut>
		<defaultID />
		<label>Net 5</label>
		<label2>Custom item</label2>
		<icon>DefaultShortcut.png</icon>
		<thumb />
		<action>ActivateWindow(Videos,"plugin://net.rieter.xot/?action=listfolder&amp;channelcode=net5&amp;channel=chn_kijknl",return)</action>
	</shortcut>
	<shortcut>
		<defaultID />
		<label>Sbs 6</label>
		<label2>Custom item</label2>
		<icon>DefaultShortcut.png</icon>
		<thumb />
		<action>ActivateWindow(Videos,"plugin://net.rieter.xot/?action=listfolder&amp;channelcode=sbs&amp;channel=chn_kijknl",return)</action>
	</shortcut>
	<shortcut>
		<defaultID />
		<label>Sbs 9</label>
		<label2>Custom item</label2>
		<icon>DefaultShortcut.png</icon>
		<thumb />
		<action>ActivateWindow(Videos,"plugin://net.rieter.xot/?action=listfolder&amp;channelcode=sbs9&amp;channel=chn_kijknl",return)</action>
	</shortcut>
	<shortcut>
		<defaultID />
		<label>Veronica</label>
		<label2>Custom item</label2>
		<icon>DefaultShortcut.png</icon>
		<thumb />
		<action>ActivateWindow(Videos,"plugin://net.rieter.xot/?action=listfolder&amp;channelcode=veronica&amp;channel=chn_kijknl",return)</action>
	</shortcut>
	<shortcut>
		<defaultID />
		<label>Nos</label>
		<label2>Custom item</label2>
		<icon>DefaultShortcut.png</icon>
		<thumb />
		<action>ActivateWindow(Videos,"plugin://net.rieter.xot/?action=listfolder&amp;channelcode=nosnl&amp;channel=chn_nosnl",return)</action>
	</shortcut>
</shortcuts>
